Sexo;Grupo de edad (4);Sector económico ( 5);Periodo;Total
ambos sexos;de 16 a 19;Total;2001TIV;7,83
ambos sexos;de 16 a 19;Total;2001TIII;8,31
ambos sexos;de 16 a 19;Total;2001TII;8,33
ambos sexos;de 16 a 19;Total;2001TI;7,71
ambos sexos;de 16 a 19;Total;2000TIV;7,55
ambos sexos;de 16 a 19;Total;2000TIII;8,00
ambos sexos;de 16 a 19;Total;2000TII;7,70
ambos sexos;de 16 a 19;Total;2000TI;7,65
ambos sexos;de 16 a 19;Total;1999TIV;7,97
ambos sexos;de 16 a 19;Total;1999TIII;7,81
ambos sexos;de 16 a 19;Total;1999TII;7,78
ambos sexos;de 16 a 19;Total;1999TI;7,80
ambos sexos;de 16 a 19;Total;1998TIV;7,88
ambos sexos;de 16 a 19;Total;1998TIII;8,09
ambos sexos;de 16 a 19;Total;1998TII;7,79
ambos sexos;de 16 a 19;Total;1998TI;7,80
ambos sexos;de 16 a 19;Total;1997TIV;8,20
ambos sexos;de 16 a 19;Total;1997TIII;8,83
ambos sexos;de 16 a 19;Total;1997TII;8,44
ambos sexos;de 16 a 19;Total;1997TI;8,42
ambos sexos;de 16 a 19;Total;1996TIV;8,76
ambos sexos;de 16 a 19;Total;1996TIII;8,80
ambos sexos;de 16 a 19;Total;1996TII;8,18
ambos sexos;de 16 a 19;Total;1996TI;7,97
ambos sexos;de 16 a 19;agricultura;2001TIV;4,46
ambos sexos;de 16 a 19;agricultura;2001TIII;4,97
ambos sexos;de 16 a 19;agricultura;2001TII;7,08
ambos sexos;de 16 a 19;agricultura;2001TI;7,34
ambos sexos;de 16 a 19;agricultura;2000TIV;6,23
ambos sexos;de 16 a 19;agricultura;2000TIII;6,75
ambos sexos;de 16 a 19;agricultura;2000TII;6,30
ambos sexos;de 16 a 19;agricultura;2000TI;5,91
ambos sexos;de 16 a 19;agricultura;1999TIV;6,95
ambos sexos;de 16 a 19;agricultura;1999TIII;6,78
ambos sexos;de 16 a 19;agricultura;1999TII;6,70
ambos sexos;de 16 a 19;agricultura;1999TI;6,10
ambos sexos;de 16 a 19;agricultura;1998TIV;6,13
ambos sexos;de 16 a 19;agricultura;1998TIII;6,68
ambos sexos;de 16 a 19;agricultura;1998TII;5,86
ambos sexos;de 16 a 19;agricultura;1998TI;4,71
ambos sexos;de 16 a 19;agricultura;1997TIV;5,94
ambos sexos;de 16 a 19;agricultura;1997TIII;6,73
ambos sexos;de 16 a 19;agricultura;1997TII;6,48
ambos sexos;de 16 a 19;agricultura;1997TI;6,51
ambos sexos;de 16 a 19;agricultura;1996TIV;6,70
ambos sexos;de 16 a 19;agricultura;1996TIII;6,83
ambos sexos;de 16 a 19;agricultura;1996TII;5,03
ambos sexos;de 16 a 19;agricultura;1996TI;5,61
ambos sexos;de 16 a 19;industria;2001TIV;6,70
ambos sexos;de 16 a 19;industria;2001TIII;7,49
ambos sexos;de 16 a 19;industria;2001TII;6,28
ambos sexos;de 16 a 19;industria;2001TI;6,74
ambos sexos;de 16 a 19;industria;2000TIV;8,39
ambos sexos;de 16 a 19;industria;2000TIII;9,06
ambos sexos;de 16 a 19;industria;2000TII;6,38
ambos sexos;de 16 a 19;industria;2000TI;7,77
ambos sexos;de 16 a 19;industria;1999TIV;9,42
ambos sexos;de 16 a 19;industria;1999TIII;6,18
ambos sexos;de 16 a 19;industria;1999TII;6,13
ambos sexos;de 16 a 19;industria;1999TI;6,35
ambos sexos;de 16 a 19;industria;1998TIV;5,81
ambos sexos;de 16 a 19;industria;1998TIII;5,80
ambos sexos;de 16 a 19;industria;1998TII;6,76
ambos sexos;de 16 a 19;industria;1998TI;7,34
ambos sexos;de 16 a 19;industria;1997TIV;6,39
ambos sexos;de 16 a 19;industria;1997TIII;6,71
ambos sexos;de 16 a 19;industria;1997TII;6,18
ambos sexos;de 16 a 19;industria;1997TI;6,45
ambos sexos;de 16 a 19;industria;1996TIV;6,72
ambos sexos;de 16 a 19;industria;1996TIII;7,46
ambos sexos;de 16 a 19;industria;1996TII;7,42
ambos sexos;de 16 a 19;industria;1996TI;6,59
ambos sexos;de 16 a 19;construcción;2001TIV;7,86
ambos sexos;de 16 a 19;construcción;2001TIII;5,61
ambos sexos;de 16 a 19;construcción;2001TII;5,85
ambos sexos;de 16 a 19;construcción;2001TI;4,84
ambos sexos;de 16 a 19;construcción;2000TIV;5,31
ambos sexos;de 16 a 19;construcción;2000TIII;5,25
ambos sexos;de 16 a 19;construcción;2000TII;5,72
ambos sexos;de 16 a 19;construcción;2000TI;4,20
ambos sexos;de 16 a 19;construcción;1999TIV;4,09
ambos sexos;de 16 a 19;construcción;1999TIII;5,28
ambos sexos;de 16 a 19;construcción;1999TII;4,68
ambos sexos;de 16 a 19;construcción;1999TI;4,98
ambos sexos;de 16 a 19;construcción;1998TIV;5,38
ambos sexos;de 16 a 19;construcción;1998TIII;3,21
ambos sexos;de 16 a 19;construcción;1998TII;3,86
ambos sexos;de 16 a 19;construcción;1998TI;3,87
ambos sexos;de 16 a 19;construcción;1997TIV;3,63
ambos sexos;de 16 a 19;construcción;1997TIII;3,27
ambos sexos;de 16 a 19;construcción;1997TII;3,49
ambos sexos;de 16 a 19;construcción;1997TI;3,27
ambos sexos;de 16 a 19;construcción;1996TIV;2,67
ambos sexos;de 16 a 19;construcción;1996TIII;2,56
ambos sexos;de 16 a 19;construcción;1996TII;3,18
ambos sexos;de 16 a 19;construcción;1996TI;2,91
ambos sexos;de 16 a 19;servicios;2001TIV;5,29
ambos sexos;de 16 a 19;servicios;2001TIII;5,75
ambos sexos;de 16 a 19;servicios;2001TII;5,91
ambos sexos;de 16 a 19;servicios;2001TI;6,19
ambos sexos;de 16 a 19;servicios;2000TIV;5,24
ambos sexos;de 16 a 19;servicios;2000TIII;4,93
ambos sexos;de 16 a 19;servicios;2000TII;4,98
ambos sexos;de 16 a 19;servicios;2000TI;5,63
ambos sexos;de 16 a 19;servicios;1999TIV;5,56
ambos sexos;de 16 a 19;servicios;1999TIII;5,09
ambos sexos;de 16 a 19;servicios;1999TII;4,96
ambos sexos;de 16 a 19;servicios;1999TI;5,38
ambos sexos;de 16 a 19;servicios;1998TIV;4,93
ambos sexos;de 16 a 19;servicios;1998TIII;5,43
ambos sexos;de 16 a 19;servicios;1998TII;4,25
ambos sexos;de 16 a 19;servicios;1998TI;4,61
ambos sexos;de 16 a 19;servicios;1997TIV;4,80
ambos sexos;de 16 a 19;servicios;1997TIII;5,05
ambos sexos;de 16 a 19;servicios;1997TII;5,32
ambos sexos;de 16 a 19;servicios;1997TI;5,24
ambos sexos;de 16 a 19;servicios;1996TIV;5,50
ambos sexos;de 16 a 19;servicios;1996TIII;5,03
ambos sexos;de 16 a 19;servicios;1996TII;5,06
ambos sexos;de 16 a 19;servicios;1996TI;5,16
ambos sexos;de 16 a 19;parados que buscan primer empleo o han dejado su último empleo hace 3 años o más;2001TIV;12,39
ambos sexos;de 16 a 19;parados que buscan primer empleo o han dejado su último empleo hace 3 años o más;2001TIII;13,30
ambos sexos;de 16 a 19;parados que buscan primer empleo o han dejado su último empleo hace 3 años o más;2001TII;13,07
ambos sexos;de 16 a 19;parados que buscan primer empleo o han dejado su último empleo hace 3 años o más;2001TI;11,01
ambos sexos;de 16 a 19;parados que buscan primer empleo o han dejado su último empleo hace 3 años o más;2000TIV;10,64
ambos sexos;de 16 a 19;parados que buscan primer empleo o han dejado su último empleo hace 3 años o más;2000TIII;11,42
ambos sexos;de 16 a 19;parados que buscan primer empleo o han dejado su último empleo hace 3 años o más;2000TII;11,19
ambos sexos;de 16 a 19;parados que buscan primer empleo o han dejado su último empleo hace 3 años o más;2000TI;10,51
ambos sexos;de 16 a 19;parados que buscan primer empleo o han dejado su último empleo hace 3 años o más;1999TIV;10,62
ambos sexos;de 16 a 19;parados que buscan primer empleo o han dejado su último empleo hace 3 años o más;1999TIII;10,92
ambos sexos;de 16 a 19;parados que buscan primer empleo o han dejado su último empleo hace 3 años o más;1999TII;11,10
ambos sexos;de 16 a 19;parados que buscan primer empleo o han dejado su último empleo hace 3 años o más;1999TI;10,88
ambos sexos;de 16 a 19;parados que buscan primer empleo o han dejado su último empleo hace 3 años o más;1998TIV;11,17
ambos sexos;de 16 a 19;parados que buscan primer empleo o han dejado su último empleo hace 3 años o más;1998TIII;11,32
ambos sexos;de 16 a 19;parados que buscan primer empleo o han dejado su último empleo hace 3 años o más;1998TII;11,60
ambos sexos;de 16 a 19;parados que buscan primer empleo o han dejado su último empleo hace 3 años o más;1998TI;11,46
ambos sexos;de 16 a 19;parados que buscan primer empleo o han dejado su último empleo hace 3 años o más;1997TIV;12,18
ambos sexos;de 16 a 19;parados que buscan primer empleo o han dejado su último empleo hace 3 años o más;1997TIII;13,16
ambos sexos;de 16 a 19;parados que buscan primer empleo o han dejado su último empleo hace 3 años o más;1997TII;12,49
ambos sexos;de 16 a 19;parados que buscan primer empleo o han dejado su último empleo hace 3 años o más;1997TI;12,54
ambos sexos;de 16 a 19;parados que buscan primer empleo o han dejado su último empleo hace 3 años o más;1996TIV;13,29
ambos sexos;de 16 a 19;parados que buscan primer empleo o han dejado su último empleo hace 3 años o más;1996TIII;13,32
ambos sexos;de 16 a 19;parados que buscan primer empleo o han dejado su último empleo hace 3 años o más;1996TII;12,25
ambos sexos;de 16 a 19;parados que buscan primer empleo o han dejado su último empleo hace 3 años o más;1996TI;11,92
ambos sexos;de 20 a 24;Total;2001TIV;18,97
ambos sexos;de 20 a 24;Total;2001TIII;19,64
ambos sexos;de 20 a 24;Total;2001TII;18,50
ambos sexos;de 20 a 24;Total;2001TI;18,75
ambos sexos;de 20 a 24;Total;2000TIV;19,01
ambos sexos;de 20 a 24;Total;2000TIII;18,96
ambos sexos;de 20 a 24;Total;2000TII;17,81
ambos sexos;de 20 a 24;Total;2000TI;18,64
ambos sexos;de 20 a 24;Total;1999TIV;18,92
ambos sexos;de 20 a 24;Total;1999TIII;19,62
ambos sexos;de 20 a 24;Total;1999TII;19,18
ambos sexos;de 20 a 24;Total;1999TI;19,72
ambos sexos;de 20 a 24;Total;1998TIV;19,82
ambos sexos;de 20 a 24;Total;1998TIII;20,16
ambos sexos;de 20 a 24;Total;1998TII;20,00
ambos sexos;de 20 a 24;Total;1998TI;20,24
ambos sexos;de 20 a 24;Total;1997TIV;20,07
ambos sexos;de 20 a 24;Total;1997TIII;19,93
ambos sexos;de 20 a 24;Total;1997TII;19,86
ambos sexos;de 20 a 24;Total;1997TI;20,54
ambos sexos;de 20 a 24;Total;1996TIV;20,88
ambos sexos;de 20 a 24;Total;1996TIII;21,57
ambos sexos;de 20 a 24;Total;1996TII;21,10
ambos sexos;de 20 a 24;Total;1996TI;22,07
ambos sexos;de 20 a 24;agricultura;2001TIV;16,18
ambos sexos;de 20 a 24;agricultura;2001TIII;12,75
ambos sexos;de 20 a 24;agricultura;2001TII;12,57
ambos sexos;de 20 a 24;agricultura;2001TI;11,78
ambos sexos;de 20 a 24;agricultura;2000TIV;12,77
ambos sexos;de 20 a 24;agricultura;2000TIII;11,87
ambos sexos;de 20 a 24;agricultura;2000TII;13,10
ambos sexos;de 20 a 24;agricultura;2000TI;13,24
ambos sexos;de 20 a 24;agricultura;1999TIV;15,13
ambos sexos;de 20 a 24;agricultura;1999TIII;13,67
ambos sexos;de 20 a 24;agricultura;1999TII;12,15
ambos sexos;de 20 a 24;agricultura;1999TI;12,66
ambos sexos;de 20 a 24;agricultura;1998TIV;13,55
ambos sexos;de 20 a 24;agricultura;1998TIII;14,23
ambos sexos;de 20 a 24;agricultura;1998TII;13,98
ambos sexos;de 20 a 24;agricultura;1998TI;14,75
ambos sexos;de 20 a 24;agricultura;1997TIV;14,16
ambos sexos;de 20 a 24;agricultura;1997TIII;15,54
ambos sexos;de 20 a 24;agricultura;1997TII;16,76
ambos sexos;de 20 a 24;agricultura;1997TI;15,91
ambos sexos;de 20 a 24;agricultura;1996TIV;16,14
ambos sexos;de 20 a 24;agricultura;1996TIII;16,43
ambos sexos;de 20 a 24;agricultura;1996TII;15,63
ambos sexos;de 20 a 24;agricultura;1996TI;16,98
ambos sexos;de 20 a 24;industria;2001TIV;19,58
ambos sexos;de 20 a 24;industria;2001TIII;21,56
ambos sexos;de 20 a 24;industria;2001TII;18,13
ambos sexos;de 20 a 24;industria;2001TI;21,19
ambos sexos;de 20 a 24;industria;2000TIV;19,00
ambos sexos;de 20 a 24;industria;2000TIII;19,60
ambos sexos;de 20 a 24;industria;2000TII;19,86
ambos sexos;de 20 a 24;industria;2000TI;20,48
ambos sexos;de 20 a 24;industria;1999TIV;18,53
ambos sexos;de 20 a 24;industria;1999TIII;18,81
ambos sexos;de 20 a 24;industria;1999TII;18,40
ambos sexos;de 20 a 24;industria;1999TI;19,65
ambos sexos;de 20 a 24;industria;1998TIV;17,31
ambos sexos;de 20 a 24;industria;1998TIII;18,13
ambos sexos;de 20 a 24;industria;1998TII;18,31
ambos sexos;de 20 a 24;industria;1998TI;20,83
ambos sexos;de 20 a 24;industria;1997TIV;18,91
ambos sexos;de 20 a 24;industria;1997TIII;18,30
ambos sexos;de 20 a 24;industria;1997TII;18,15
ambos sexos;de 20 a 24;industria;1997TI;20,13
ambos sexos;de 20 a 24;industria;1996TIV;20,98
ambos sexos;de 20 a 24;industria;1996TIII;21,53
ambos sexos;de 20 a 24;industria;1996TII;22,03
ambos sexos;de 20 a 24;industria;1996TI;23,31
ambos sexos;de 20 a 24;construcción;2001TIV;14,38
ambos sexos;de 20 a 24;construcción;2001TIII;14,89
ambos sexos;de 20 a 24;construcción;2001TII;18,09
ambos sexos;de 20 a 24;construcción;2001TI;17,57
ambos sexos;de 20 a 24;construcción;2000TIV;17,76
ambos sexos;de 20 a 24;construcción;2000TIII;16,70
ambos sexos;de 20 a 24;construcción;2000TII;15,14
ambos sexos;de 20 a 24;construcción;2000TI;14,56
ambos sexos;de 20 a 24;construcción;1999TIV;13,79
ambos sexos;de 20 a 24;construcción;1999TIII;14,41
ambos sexos;de 20 a 24;construcción;1999TII;15,47
ambos sexos;de 20 a 24;construcción;1999TI;14,29
ambos sexos;de 20 a 24;construcción;1998TIV;12,72
ambos sexos;de 20 a 24;construcción;1998TIII;14,95
ambos sexos;de 20 a 24;construcción;1998TII;16,94
ambos sexos;de 20 a 24;construcción;1998TI;14,79
ambos sexos;de 20 a 24;construcción;1997TIV;13,17
ambos sexos;de 20 a 24;construcción;1997TIII;14,32
ambos sexos;de 20 a 24;construcción;1997TII;14,38
ambos sexos;de 20 a 24;construcción;1997TI;13,49
ambos sexos;de 20 a 24;construcción;1996TIV;13,75
ambos sexos;de 20 a 24;construcción;1996TIII;14,77
ambos sexos;de 20 a 24;construcción;1996TII;14,03
ambos sexos;de 20 a 24;construcción;1996TI;15,81
ambos sexos;de 20 a 24;servicios;2001TIV;19,28
ambos sexos;de 20 a 24;servicios;2001TIII;20,14
ambos sexos;de 20 a 24;servicios;2001TII;19,12
ambos sexos;de 20 a 24;servicios;2001TI;19,27
ambos sexos;de 20 a 24;servicios;2000TIV;18,82
ambos sexos;de 20 a 24;servicios;2000TIII;19,46
ambos sexos;de 20 a 24;servicios;2000TII;17,84
ambos sexos;de 20 a 24;servicios;2000TI;18,86
ambos sexos;de 20 a 24;servicios;1999TIV;18,56
ambos sexos;de 20 a 24;servicios;1999TIII;18,28
ambos sexos;de 20 a 24;servicios;1999TII;18,89
ambos sexos;de 20 a 24;servicios;1999TI;20,21
ambos sexos;de 20 a 24;servicios;1998TIV;19,91
ambos sexos;de 20 a 24;servicios;1998TIII;19,75
ambos sexos;de 20 a 24;servicios;1998TII;20,21
ambos sexos;de 20 a 24;servicios;1998TI;20,77
ambos sexos;de 20 a 24;servicios;1997TIV;20,51
ambos sexos;de 20 a 24;servicios;1997TIII;20,49
ambos sexos;de 20 a 24;servicios;1997TII;20,49
ambos sexos;de 20 a 24;servicios;1997TI;20,59
ambos sexos;de 20 a 24;servicios;1996TIV;20,14
ambos sexos;de 20 a 24;servicios;1996TIII;21,72
ambos sexos;de 20 a 24;servicios;1996TII;21,02
ambos sexos;de 20 a 24;servicios;1996TI;21,46
ambos sexos;de 20 a 24;parados que buscan primer empleo o han dejado su último empleo hace 3 años o más;2001TIV;20,45
ambos sexos;de 20 a 24;parados que buscan primer empleo o han dejado su último empleo hace 3 años o más;2001TIII;21,60
ambos sexos;de 20 a 24;parados que buscan primer empleo o han dejado su último empleo hace 3 años o más;2001TII;19,62
ambos sexos;de 20 a 24;parados que buscan primer empleo o han dejado su último empleo hace 3 años o más;2001TI;19,42
ambos sexos;de 20 a 24;parados que buscan primer empleo o han dejado su último empleo hace 3 años o más;2000TIV;20,90
ambos sexos;de 20 a 24;parados que buscan primer empleo o han dejado su último empleo hace 3 años o más;2000TIII;20,58
ambos sexos;de 20 a 24;parados que buscan primer empleo o han dejado su último empleo hace 3 años o más;2000TII;18,91
ambos sexos;de 20 a 24;parados que buscan primer empleo o han dejado su último empleo hace 3 años o más;2000TI;19,94
ambos sexos;de 20 a 24;parados que buscan primer empleo o han dejado su último empleo hace 3 años o más;1999TIV;21,00
ambos sexos;de 20 a 24;parados que buscan primer empleo o han dejado su último empleo hace 3 años o más;1999TIII;22,90
ambos sexos;de 20 a 24;parados que buscan primer empleo o han dejado su último empleo hace 3 años o más;1999TII;21,47
ambos sexos;de 20 a 24;parados que buscan primer empleo o han dejado su último empleo hace 3 años o más;1999TI;21,55
ambos sexos;de 20 a 24;parados que buscan primer empleo o han dejado su último empleo hace 3 años o más;1998TIV;22,46
ambos sexos;de 20 a 24;parados que buscan primer empleo o han dejado su último empleo hace 3 años o más;1998TIII;22,68
ambos sexos;de 20 a 24;parados que buscan primer empleo o han dejado su último empleo hace 3 años o más;1998TII;21,79
ambos sexos;de 20 a 24;parados que buscan primer empleo o han dejado su último empleo hace 3 años o más;1998TI;21,62
ambos sexos;de 20 a 24;parados que buscan primer empleo o han dejado su último empleo hace 3 años o más;1997TIV;22,42
ambos sexos;de 20 a 24;parados que buscan primer empleo o han dejado su último empleo hace 3 años o más;1997TIII;21,73
ambos sexos;de 20 a 24;parados que buscan primer empleo o han dejado su último empleo hace 3 años o más;1997TII;21,50
ambos sexos;de 20 a 24;parados que buscan primer empleo o han dejado su último empleo hace 3 años o más;1997TI;22,82
ambos sexos;de 20 a 24;parados que buscan primer empleo o han dejado su último empleo hace 3 años o más;1996TIV;23,74
ambos sexos;de 20 a 24;parados que buscan primer empleo o han dejado su último empleo hace 3 años o más;1996TIII;23,74
ambos sexos;de 20 a 24;parados que buscan primer empleo o han dejado su último empleo hace 3 años o más;1996TII;23,47
ambos sexos;de 20 a 24;parados que buscan primer empleo o han dejado su último empleo hace 3 años o más;1996TI;24,44
ambos sexos;de 25 a 54;Total;2001TIV;67,30
ambos sexos;de 25 a 54;Total;2001TIII;66,09
ambos sexos;de 25 a 54;Total;2001TII;67,34
ambos sexos;de 25 a 54;Total;2001TI;68,02
ambos sexos;de 25 a 54;Total;2000TIV;67,26
ambos sexos;de 25 a 54;Total;2000TIII;67,06
ambos sexos;de 25 a 54;Total;2000TII;67,93
ambos sexos;de 25 a 54;Total;2000TI;67,46
ambos sexos;de 25 a 54;Total;1999TIV;67,14
ambos sexos;de 25 a 54;Total;1999TIII;66,77
ambos sexos;de 25 a 54;Total;1999TII;67,45
ambos sexos;de 25 a 54;Total;1999TI;67,28
ambos sexos;de 25 a 54;Total;1998TIV;66,91
ambos sexos;de 25 a 54;Total;1998TIII;66,70
ambos sexos;de 25 a 54;Total;1998TII;67,11
ambos sexos;de 25 a 54;Total;1998TI;66,95
ambos sexos;de 25 a 54;Total;1997TIV;66,61
ambos sexos;de 25 a 54;Total;1997TIII;65,98
ambos sexos;de 25 a 54;Total;1997TII;66,56
ambos sexos;de 25 a 54;Total;1997TI;66,01
ambos sexos;de 25 a 54;Total;1996TIV;65,38
ambos sexos;de 25 a 54;Total;1996TIII;64,53
ambos sexos;de 25 a 54;Total;1996TII;65,85
ambos sexos;de 25 a 54;Total;1996TI;65,33
ambos sexos;de 25 a 54;agricultura;2001TIV;67,42
ambos sexos;de 25 a 54;agricultura;2001TIII;71,26
ambos sexos;de 25 a 54;agricultura;2001TII;70,21
ambos sexos;de 25 a 54;agricultura;2001TI;70,17
ambos sexos;de 25 a 54;agricultura;2000TIV;70,01
ambos sexos;de 25 a 54;agricultura;2000TIII;70,24
ambos sexos;de 25 a 54;agricultura;2000TII;69,49
ambos sexos;de 25 a 54;agricultura;2000TI;70,15
ambos sexos;de 25 a 54;agricultura;1999TIV;67,30
ambos sexos;de 25 a 54;agricultura;1999TIII;70,02
ambos sexos;de 25 a 54;agricultura;1999TII;70,21
ambos sexos;de 25 a 54;agricultura;1999TI;72,56
ambos sexos;de 25 a 54;agricultura;1998TIV;71,11
ambos sexos;de 25 a 54;agricultura;1998TIII;71,15
ambos sexos;de 25 a 54;agricultura;1998TII;71,53
ambos sexos;de 25 a 54;agricultura;1998TI;70,54
ambos sexos;de 25 a 54;agricultura;1997TIV;70,83
ambos sexos;de 25 a 54;agricultura;1997TIII;67,72
ambos sexos;de 25 a 54;agricultura;1997TII;67,46
ambos sexos;de 25 a 54;agricultura;1997TI;68,18
ambos sexos;de 25 a 54;agricultura;1996TIV;67,64
ambos sexos;de 25 a 54;agricultura;1996TIII;67,04
ambos sexos;de 25 a 54;agricultura;1996TII;68,63
ambos sexos;de 25 a 54;agricultura;1996TI;67,70
ambos sexos;de 25 a 54;industria;2001TIV;67,98
ambos sexos;de 25 a 54;industria;2001TIII;65,68
ambos sexos;de 25 a 54;industria;2001TII;70,21
ambos sexos;de 25 a 54;industria;2001TI;66,08
ambos sexos;de 25 a 54;industria;2000TIV;66,21
ambos sexos;de 25 a 54;industria;2000TIII;65,76
ambos sexos;de 25 a 54;industria;2000TII;65,77
ambos sexos;de 25 a 54;industria;2000TI;64,11
ambos sexos;de 25 a 54;industria;1999TIV;65,02
ambos sexos;de 25 a 54;industria;1999TIII;68,96
ambos sexos;de 25 a 54;industria;1999TII;69,25
ambos sexos;de 25 a 54;industria;1999TI;68,33
ambos sexos;de 25 a 54;industria;1998TIV;71,20
ambos sexos;de 25 a 54;industria;1998TIII;69,76
ambos sexos;de 25 a 54;industria;1998TII;68,10
ambos sexos;de 25 a 54;industria;1998TI;66,77
ambos sexos;de 25 a 54;industria;1997TIV;69,10
ambos sexos;de 25 a 54;industria;1997TIII;68,61
ambos sexos;de 25 a 54;industria;1997TII;70,00
ambos sexos;de 25 a 54;industria;1997TI;68,00
ambos sexos;de 25 a 54;industria;1996TIV;66,34
ambos sexos;de 25 a 54;industria;1996TIII;65,65
ambos sexos;de 25 a 54;industria;1996TII;65,77
ambos sexos;de 25 a 54;industria;1996TI;64,60
ambos sexos;de 25 a 54;construcción;2001TIV;72,67
ambos sexos;de 25 a 54;construcción;2001TIII;73,77
ambos sexos;de 25 a 54;construcción;2001TII;70,23
ambos sexos;de 25 a 54;construcción;2001TI;70,84
ambos sexos;de 25 a 54;construcción;2000TIV;68,45
ambos sexos;de 25 a 54;construcción;2000TIII;68,70
ambos sexos;de 25 a 54;construcción;2000TII;71,38
ambos sexos;de 25 a 54;construcción;2000TI;73,34
ambos sexos;de 25 a 54;construcción;1999TIV;74,85
ambos sexos;de 25 a 54;construcción;1999TIII;73,02
ambos sexos;de 25 a 54;construcción;1999TII;72,44
ambos sexos;de 25 a 54;construcción;1999TI;73,45
ambos sexos;de 25 a 54;construcción;1998TIV;72,60
ambos sexos;de 25 a 54;construcción;1998TIII;74,52
ambos sexos;de 25 a 54;construcción;1998TII;72,21
ambos sexos;de 25 a 54;construcción;1998TI;74,39
ambos sexos;de 25 a 54;construcción;1997TIV;76,73
ambos sexos;de 25 a 54;construcción;1997TIII;74,50
ambos sexos;de 25 a 54;construcción;1997TII;74,91
ambos sexos;de 25 a 54;construcción;1997TI;75,67
ambos sexos;de 25 a 54;construcción;1996TIV;76,37
ambos sexos;de 25 a 54;construcción;1996TIII;75,88
ambos sexos;de 25 a 54;construcción;1996TII;75,99
ambos sexos;de 25 a 54;construcción;1996TI;74,88
ambos sexos;de 25 a 54;servicios;2001TIV;71,66
ambos sexos;de 25 a 54;servicios;2001TIII;69,69
ambos sexos;de 25 a 54;servicios;2001TII;70,53
ambos sexos;de 25 a 54;servicios;2001TI;70,91
ambos sexos;de 25 a 54;servicios;2000TIV;71,67
ambos sexos;de 25 a 54;servicios;2000TIII;71,78
ambos sexos;de 25 a 54;servicios;2000TII;73,00
ambos sexos;de 25 a 54;servicios;2000TI;71,61
ambos sexos;de 25 a 54;servicios;1999TIV;71,98
ambos sexos;de 25 a 54;servicios;1999TIII;72,61
ambos sexos;de 25 a 54;servicios;1999TII;72,14
ambos sexos;de 25 a 54;servicios;1999TI;70,81
ambos sexos;de 25 a 54;servicios;1998TIV;71,33
ambos sexos;de 25 a 54;servicios;1998TIII;71,15
ambos sexos;de 25 a 54;servicios;1998TII;71,81
ambos sexos;de 25 a 54;servicios;1998TI;70,98
ambos sexos;de 25 a 54;servicios;1997TIV;70,83
ambos sexos;de 25 a 54;servicios;1997TIII;70,80
ambos sexos;de 25 a 54;servicios;1997TII;70,53
ambos sexos;de 25 a 54;servicios;1997TI;70,79
ambos sexos;de 25 a 54;servicios;1996TIV;70,83
ambos sexos;de 25 a 54;servicios;1996TIII;69,48
ambos sexos;de 25 a 54;servicios;1996TII;70,75
ambos sexos;de 25 a 54;servicios;1996TI;70,27
ambos sexos;de 25 a 54;parados que buscan primer empleo o han dejado su último empleo hace 3 años o más;2001TIV;59,80
ambos sexos;de 25 a 54;parados que buscan primer empleo o han dejado su último empleo hace 3 años o más;2001TIII;58,35
ambos sexos;de 25 a 54;parados que buscan primer empleo o han dejado su último empleo hace 3 años o más;2001TII;60,79
ambos sexos;de 25 a 54;parados que buscan primer empleo o han dejado su último empleo hace 3 años o más;2001TI;63,54
ambos sexos;de 25 a 54;parados que buscan primer empleo o han dejado su último empleo hace 3 años o más;2000TIV;61,90
ambos sexos;de 25 a 54;parados que buscan primer empleo o han dejado su último empleo hace 3 años o más;2000TIII;61,95
ambos sexos;de 25 a 54;parados que buscan primer empleo o han dejado su último empleo hace 3 años o más;2000TII;62,78
ambos sexos;de 25 a 54;parados que buscan primer empleo o han dejado su último empleo hace 3 años o más;2000TI;62,72
ambos sexos;de 25 a 54;parados que buscan primer empleo o han dejado su último empleo hace 3 años o más;1999TIV;62,06
ambos sexos;de 25 a 54;parados que buscan primer empleo o han dejado su último empleo hace 3 años o más;1999TIII;60,05
ambos sexos;de 25 a 54;parados que buscan primer empleo o han dejado su último empleo hace 3 años o más;1999TII;62,00
ambos sexos;de 25 a 54;parados que buscan primer empleo o han dejado su último empleo hace 3 años o más;1999TI;62,16
ambos sexos;de 25 a 54;parados que buscan primer empleo o han dejado su último empleo hace 3 años o más;1998TIV;61,18
ambos sexos;de 25 a 54;parados que buscan primer empleo o han dejado su último empleo hace 3 años o más;1998TIII;61,12
ambos sexos;de 25 a 54;parados que buscan primer empleo o han dejado su último empleo hace 3 años o más;1998TII;61,81
ambos sexos;de 25 a 54;parados que buscan primer empleo o han dejado su último empleo hace 3 años o más;1998TI;62,04
ambos sexos;de 25 a 54;parados que buscan primer empleo o han dejado su último empleo hace 3 años o más;1997TIV;60,52
ambos sexos;de 25 a 54;parados que buscan primer empleo o han dejado su último empleo hace 3 años o más;1997TIII;60,35
ambos sexos;de 25 a 54;parados que buscan primer empleo o han dejado su último empleo hace 3 años o más;1997TII;61,12
ambos sexos;de 25 a 54;parados que buscan primer empleo o han dejado su último empleo hace 3 años o más;1997TI;59,69
ambos sexos;de 25 a 54;parados que buscan primer empleo o han dejado su último empleo hace 3 años o más;1996TIV;58,34
ambos sexos;de 25 a 54;parados que buscan primer empleo o han dejado su último empleo hace 3 años o más;1996TIII;58,06
ambos sexos;de 25 a 54;parados que buscan primer empleo o han dejado su último empleo hace 3 años o más;1996TII;59,56
ambos sexos;de 25 a 54;parados que buscan primer empleo o han dejado su último empleo hace 3 años o más;1996TI;59,25
ambos sexos;de 55 y más;Total;2001TIV;5,91
ambos sexos;de 55 y más;Total;2001TIII;5,96
ambos sexos;de 55 y más;Total;2001TII;5,84
ambos sexos;de 55 y más;Total;2001TI;5,52
ambos sexos;de 55 y más;Total;2000TIV;6,18
ambos sexos;de 55 y más;Total;2000TIII;5,98
ambos sexos;de 55 y más;Total;2000TII;6,57
ambos sexos;de 55 y más;Total;2000TI;6,24
ambos sexos;de 55 y más;Total;1999TIV;5,98
ambos sexos;de 55 y más;Total;1999TIII;5,79
ambos sexos;de 55 y más;Total;1999TII;5,59
ambos sexos;de 55 y más;Total;1999TI;5,21
ambos sexos;de 55 y más;Total;1998TIV;5,39
ambos sexos;de 55 y más;Total;1998TIII;5,05
ambos sexos;de 55 y más;Total;1998TII;5,10
ambos sexos;de 55 y más;Total;1998TI;5,01
ambos sexos;de 55 y más;Total;1997TIV;5,12
ambos sexos;de 55 y más;Total;1997TIII;5,26
ambos sexos;de 55 y más;Total;1997TII;5,14
ambos sexos;de 55 y más;Total;1997TI;5,03
ambos sexos;de 55 y más;Total;1996TIV;4,99
ambos sexos;de 55 y más;Total;1996TIII;5,10
ambos sexos;de 55 y más;Total;1996TII;4,87
ambos sexos;de 55 y más;Total;1996TI;4,64
ambos sexos;de 55 y más;agricultura;2001TIV;11,93
ambos sexos;de 55 y más;agricultura;2001TIII;11,02
ambos sexos;de 55 y más;agricultura;2001TII;10,14
ambos sexos;de 55 y más;agricultura;2001TI;10,72
ambos sexos;de 55 y más;agricultura;2000TIV;10,99
ambos sexos;de 55 y más;agricultura;2000TIII;11,15
ambos sexos;de 55 y más;agricultura;2000TII;11,11
ambos sexos;de 55 y más;agricultura;2000TI;10,71
ambos sexos;de 55 y más;agricultura;1999TIV;10,62
ambos sexos;de 55 y más;agricultura;1999TIII;9,54
ambos sexos;de 55 y más;agricultura;1999TII;10,95
ambos sexos;de 55 y más;agricultura;1999TI;8,68
ambos sexos;de 55 y más;agricultura;1998TIV;9,22
ambos sexos;de 55 y más;agricultura;1998TIII;7,94
ambos sexos;de 55 y más;agricultura;1998TII;8,63
ambos sexos;de 55 y más;agricultura;1998TI;10,00
ambos sexos;de 55 y más;agricultura;1997TIV;9,07
ambos sexos;de 55 y más;agricultura;1997TIII;10,00
ambos sexos;de 55 y más;agricultura;1997TII;9,30
ambos sexos;de 55 y más;agricultura;1997TI;9,40
ambos sexos;de 55 y más;agricultura;1996TIV;9,53
ambos sexos;de 55 y más;agricultura;1996TIII;9,71
ambos sexos;de 55 y más;agricultura;1996TII;10,71
ambos sexos;de 55 y más;agricultura;1996TI;9,72
ambos sexos;de 55 y más;industria;2001TIV;5,74
ambos sexos;de 55 y más;industria;2001TIII;5,26
ambos sexos;de 55 y más;industria;2001TII;5,39
ambos sexos;de 55 y más;industria;2001TI;5,99
ambos sexos;de 55 y más;industria;2000TIV;6,40
ambos sexos;de 55 y más;industria;2000TIII;5,58
ambos sexos;de 55 y más;industria;2000TII;7,99
ambos sexos;de 55 y más;industria;2000TI;7,65
ambos sexos;de 55 y más;industria;1999TIV;7,03
ambos sexos;de 55 y más;industria;1999TIII;6,05
ambos sexos;de 55 y más;industria;1999TII;6,23
ambos sexos;de 55 y más;industria;1999TI;5,66
ambos sexos;de 55 y más;industria;1998TIV;5,68
ambos sexos;de 55 y más;industria;1998TIII;6,31
ambos sexos;de 55 y más;industria;1998TII;6,83
ambos sexos;de 55 y más;industria;1998TI;5,06
ambos sexos;de 55 y más;industria;1997TIV;5,61
ambos sexos;de 55 y más;industria;1997TIII;6,37
ambos sexos;de 55 y más;industria;1997TII;5,67
ambos sexos;de 55 y más;industria;1997TI;5,42
ambos sexos;de 55 y más;industria;1996TIV;5,96
ambos sexos;de 55 y más;industria;1996TIII;5,35
ambos sexos;de 55 y más;industria;1996TII;4,78
ambos sexos;de 55 y más;industria;1996TI;5,49
ambos sexos;de 55 y más;construcción;2001TIV;5,09
ambos sexos;de 55 y más;construcción;2001TIII;5,74
ambos sexos;de 55 y más;construcción;2001TII;5,83
ambos sexos;de 55 y más;construcción;2001TI;6,75
ambos sexos;de 55 y más;construcción;2000TIV;8,48
ambos sexos;de 55 y más;construcción;2000TIII;9,34
ambos sexos;de 55 y más;construcción;2000TII;7,77
ambos sexos;de 55 y más;construcción;2000TI;7,89
ambos sexos;de 55 y más;construcción;1999TIV;7,27
ambos sexos;de 55 y más;construcción;1999TIII;7,29
ambos sexos;de 55 y más;construcción;1999TII;7,41
ambos sexos;de 55 y más;construcción;1999TI;7,28
ambos sexos;de 55 y más;construcción;1998TIV;9,31
ambos sexos;de 55 y más;construcción;1998TIII;7,32
ambos sexos;de 55 y más;construcción;1998TII;6,99
ambos sexos;de 55 y más;construcción;1998TI;6,95
ambos sexos;de 55 y más;construcción;1997TIV;6,48
ambos sexos;de 55 y más;construcción;1997TIII;7,91
ambos sexos;de 55 y más;construcción;1997TII;7,22
ambos sexos;de 55 y más;construcción;1997TI;7,57
ambos sexos;de 55 y más;construcción;1996TIV;7,20
ambos sexos;de 55 y más;construcción;1996TIII;6,78
ambos sexos;de 55 y más;construcción;1996TII;6,80
ambos sexos;de 55 y más;construcción;1996TI;6,41
ambos sexos;de 55 y más;servicios;2001TIV;3,77
ambos sexos;de 55 y más;servicios;2001TIII;4,41
ambos sexos;de 55 y más;servicios;2001TII;4,45
ambos sexos;de 55 y más;servicios;2001TI;3,63
ambos sexos;de 55 y más;servicios;2000TIV;4,27
ambos sexos;de 55 y más;servicios;2000TIII;3,83
ambos sexos;de 55 y más;servicios;2000TII;4,18
ambos sexos;de 55 y más;servicios;2000TI;3,91
ambos sexos;de 55 y más;servicios;1999TIV;3,90
ambos sexos;de 55 y más;servicios;1999TIII;4,02
ambos sexos;de 55 y más;servicios;1999TII;4,02
ambos sexos;de 55 y más;servicios;1999TI;3,61
ambos sexos;de 55 y más;servicios;1998TIV;3,84
ambos sexos;de 55 y más;servicios;1998TIII;3,67
ambos sexos;de 55 y más;servicios;1998TII;3,73
ambos sexos;de 55 y más;servicios;1998TI;3,63
ambos sexos;de 55 y más;servicios;1997TIV;3,86
ambos sexos;de 55 y más;servicios;1997TIII;3,66
ambos sexos;de 55 y más;servicios;1997TII;3,66
ambos sexos;de 55 y más;servicios;1997TI;3,37
ambos sexos;de 55 y más;servicios;1996TIV;3,54
ambos sexos;de 55 y más;servicios;1996TIII;3,77
ambos sexos;de 55 y más;servicios;1996TII;3,17
ambos sexos;de 55 y más;servicios;1996TI;3,12
ambos sexos;de 55 y más;parados que buscan primer empleo o han dejado su último empleo hace 3 años o más;2001TIV;7,36
ambos sexos;de 55 y más;parados que buscan primer empleo o han dejado su último empleo hace 3 años o más;2001TIII;6,75
ambos sexos;de 55 y más;parados que buscan primer empleo o han dejado su último empleo hace 3 años o más;2001TII;6,52
ambos sexos;de 55 y más;parados que buscan primer empleo o han dejado su último empleo hace 3 años o más;2001TI;6,04
ambos sexos;de 55 y más;parados que buscan primer empleo o han dejado su último empleo hace 3 años o más;2000TIV;6,56
ambos sexos;de 55 y más;parados que buscan primer empleo o han dejado su último empleo hace 3 años o más;2000TIII;6,05
ambos sexos;de 55 y más;parados que buscan primer empleo o han dejado su último empleo hace 3 años o más;2000TII;7,13
ambos sexos;de 55 y más;parados que buscan primer empleo o han dejado su último empleo hace 3 años o más;2000TI;6,83
ambos sexos;de 55 y más;parados que buscan primer empleo o han dejado su último empleo hace 3 años o más;1999TIV;6,33
ambos sexos;de 55 y más;parados que buscan primer empleo o han dejado su último empleo hace 3 años o más;1999TIII;6,14
ambos sexos;de 55 y más;parados que buscan primer empleo o han dejado su último empleo hace 3 años o más;1999TII;5,42
ambos sexos;de 55 y más;parados que buscan primer empleo o han dejado su último empleo hace 3 años o más;1999TI;5,42
ambos sexos;de 55 y más;parados que buscan primer empleo o han dejado su último empleo hace 3 años o más;1998TIV;5,19
ambos sexos;de 55 y más;parados que buscan primer empleo o han dejado su último empleo hace 3 años o más;1998TIII;4,88
ambos sexos;de 55 y más;parados que buscan primer empleo o han dejado su último empleo hace 3 años o más;1998TII;4,80
ambos sexos;de 55 y más;parados que buscan primer empleo o han dejado su último empleo hace 3 años o más;1998TI;4,88
ambos sexos;de 55 y más;parados que buscan primer empleo o han dejado su último empleo hace 3 años o más;1997TIV;4,89
ambos sexos;de 55 y más;parados que buscan primer empleo o han dejado su último empleo hace 3 años o más;1997TIII;4,76
ambos sexos;de 55 y más;parados que buscan primer empleo o han dejado su último empleo hace 3 años o más;1997TII;4,89
ambos sexos;de 55 y más;parados que buscan primer empleo o han dejado su último empleo hace 3 años o más;1997TI;4,96
ambos sexos;de 55 y más;parados que buscan primer empleo o han dejado su último empleo hace 3 años o más;1996TIV;4,64
ambos sexos;de 55 y más;parados que buscan primer empleo o han dejado su último empleo hace 3 años o más;1996TIII;4,88
ambos sexos;de 55 y más;parados que buscan primer empleo o han dejado su último empleo hace 3 años o más;1996TII;4,73
ambos sexos;de 55 y más;parados que buscan primer empleo o han dejado su último empleo hace 3 años o más;1996TI;4,39
varones;de 16 a 19;Total;2001TIV;8,92
varones;de 16 a 19;Total;2001TIII;10,05
varones;de 16 a 19;Total;2001TII;9,36
varones;de 16 a 19;Total;2001TI;8,66
varones;de 16 a 19;Total;2000TIV;8,55
varones;de 16 a 19;Total;2000TIII;9,85
varones;de 16 a 19;Total;2000TII;8,87
varones;de 16 a 19;Total;2000TI;8,84
varones;de 16 a 19;Total;1999TIV;9,21
varones;de 16 a 19;Total;1999TIII;9,20
varones;de 16 a 19;Total;1999TII;8,98
varones;de 16 a 19;Total;1999TI;8,94
varones;de 16 a 19;Total;1998TIV;9,12
varones;de 16 a 19;Total;1998TIII;9,33
varones;de 16 a 19;Total;1998TII;8,77
varones;de 16 a 19;Total;1998TI;8,72
varones;de 16 a 19;Total;1997TIV;8,95
varones;de 16 a 19;Total;1997TIII;9,31
varones;de 16 a 19;Total;1997TII;8,86
varones;de 16 a 19;Total;1997TI;8,71
varones;de 16 a 19;Total;1996TIV;8,97
varones;de 16 a 19;Total;1996TIII;8,74
varones;de 16 a 19;Total;1996TII;8,38
varones;de 16 a 19;Total;1996TI;7,67
varones;de 16 a 19;agricultura;2001TIV;4,81
varones;de 16 a 19;agricultura;2001TIII;5,72
varones;de 16 a 19;agricultura;2001TII;7,33
varones;de 16 a 19;agricultura;2001TI;8,65
varones;de 16 a 19;agricultura;2000TIV;5,74
varones;de 16 a 19;agricultura;2000TIII;7,62
varones;de 16 a 19;agricultura;2000TII;5,79
varones;de 16 a 19;agricultura;2000TI;6,52
varones;de 16 a 19;agricultura;1999TIV;7,84
varones;de 16 a 19;agricultura;1999TIII;7,21
varones;de 16 a 19;agricultura;1999TII;6,23
varones;de 16 a 19;agricultura;1999TI;6,22
varones;de 16 a 19;agricultura;1998TIV;6,34
varones;de 16 a 19;agricultura;1998TIII;7,05
varones;de 16 a 19;agricultura;1998TII;6,23
varones;de 16 a 19;agricultura;1998TI;5,22
varones;de 16 a 19;agricultura;1997TIV;6,87
varones;de 16 a 19;agricultura;1997TIII;6,83
varones;de 16 a 19;agricultura;1997TII;5,29
varones;de 16 a 19;agricultura;1997TI;5,09
varones;de 16 a 19;agricultura;1996TIV;6,47
varones;de 16 a 19;agricultura;1996TIII;6,01
varones;de 16 a 19;agricultura;1996TII;4,82
varones;de 16 a 19;agricultura;1996TI;4,81
varones;de 16 a 19;industria;2001TIV;8,04
varones;de 16 a 19;industria;2001TIII;8,92
varones;de 16 a 19;industria;2001TII;5,60
varones;de 16 a 19;industria;2001TI;7,05
varones;de 16 a 19;industria;2000TIV;8,43
varones;de 16 a 19;industria;2000TIII;8,83
varones;de 16 a 19;industria;2000TII;6,15
varones;de 16 a 19;industria;2000TI;8,75
varones;de 16 a 19;industria;1999TIV;9,83
varones;de 16 a 19;industria;1999TIII;6,48
varones;de 16 a 19;industria;1999TII;7,21
varones;de 16 a 19;industria;1999TI;6,34
varones;de 16 a 19;industria;1998TIV;6,08
varones;de 16 a 19;industria;1998TIII;5,45
varones;de 16 a 19;industria;1998TII;6,84
varones;de 16 a 19;industria;1998TI;7,17
varones;de 16 a 19;industria;1997TIV;6,13
varones;de 16 a 19;industria;1997TIII;6,86
varones;de 16 a 19;industria;1997TII;5,77
varones;de 16 a 19;industria;1997TI;6,82
varones;de 16 a 19;industria;1996TIV;6,11
varones;de 16 a 19;industria;1996TIII;6,50
varones;de 16 a 19;industria;1996TII;6,91
varones;de 16 a 19;industria;1996TI;5,15
varones;de 16 a 19;construcción;2001TIV;7,69
varones;de 16 a 19;construcción;2001TIII;5,95
varones;de 16 a 19;construcción;2001TII;5,95
varones;de 16 a 19;construcción;2001TI;4,75
varones;de 16 a 19;construcción;2000TIV;5,56
varones;de 16 a 19;construcción;2000TIII;5,71
varones;de 16 a 19;construcción;2000TII;6,35
varones;de 16 a 19;construcción;2000TI;4,56
varones;de 16 a 19;construcción;1999TIV;4,42
varones;de 16 a 19;construcción;1999TIII;5,59
varones;de 16 a 19;construcción;1999TII;5,22
varones;de 16 a 19;construcción;1999TI;5,32
varones;de 16 a 19;construcción;1998TIV;5,75
varones;de 16 a 19;construcción;1998TIII;3,35
varones;de 16 a 19;construcción;1998TII;4,02
varones;de 16 a 19;construcción;1998TI;4,01
varones;de 16 a 19;construcción;1997TIV;3,50
varones;de 16 a 19;construcción;1997TIII;3,18
varones;de 16 a 19;construcción;1997TII;3,40
varones;de 16 a 19;construcción;1997TI;3,12
varones;de 16 a 19;construcción;1996TIV;2,73
varones;de 16 a 19;construcción;1996TIII;2,55
varones;de 16 a 19;construcción;1996TII;3,25
varones;de 16 a 19;construcción;1996TI;2,98
varones;de 16 a 19;servicios;2001TIV;5,79
varones;de 16 a 19;servicios;2001TIII;6,67
varones;de 16 a 19;servicios;2001TII;7,36
varones;de 16 a 19;servicios;2001TI;7,68
varones;de 16 a 19;servicios;2000TIV;6,49
varones;de 16 a 19;servicios;2000TIII;5,67
varones;de 16 a 19;servicios;2000TII;4,09
varones;de 16 a 19;servicios;2000TI;6,04
varones;de 16 a 19;servicios;1999TIV;5,96
varones;de 16 a 19;servicios;1999TIII;6,39
varones;de 16 a 19;servicios;1999TII;5,63
varones;de 16 a 19;servicios;1999TI;5,99
varones;de 16 a 19;servicios;1998TIV;5,24
varones;de 16 a 19;servicios;1998TIII;5,62
varones;de 16 a 19;servicios;1998TII;3,79
varones;de 16 a 19;servicios;1998TI;5,06
varones;de 16 a 19;servicios;1997TIV;4,97
varones;de 16 a 19;servicios;1997TIII;4,60
varones;de 16 a 19;servicios;1997TII;5,76
varones;de 16 a 19;servicios;1997TI;5,72
varones;de 16 a 19;servicios;1996TIV;5,89
varones;de 16 a 19;servicios;1996TIII;5,30
varones;de 16 a 19;servicios;1996TII;5,51
varones;de 16 a 19;servicios;1996TI;4,87
varones;de 16 a 19;parados que buscan primer empleo o han dejado su último empleo hace 3 años o más;2001TIV;16,64
varones;de 16 a 19;parados que buscan primer empleo o han dejado su último empleo hace 3 años o más;2001TIII;20,62
varones;de 16 a 19;parados que buscan primer empleo o han dejado su último empleo hace 3 años o más;2001TII;18,42
varones;de 16 a 19;parados que buscan primer empleo o han dejado su último empleo hace 3 años o más;2001TI;14,89
varones;de 16 a 19;parados que buscan primer empleo o han dejado su último empleo hace 3 años o más;2000TIV;14,21
varones;de 16 a 19;parados que buscan primer empleo o han dejado su último empleo hace 3 años o más;2000TIII;17,67
varones;de 16 a 19;parados que buscan primer empleo o han dejado su último empleo hace 3 años o más;2000TII;17,09
varones;de 16 a 19;parados que buscan primer empleo o han dejado su último empleo hace 3 años o más;2000TI;14,63
varones;de 16 a 19;parados que buscan primer empleo o han dejado su último empleo hace 3 años o más;1999TIV;14,68
varones;de 16 a 19;parados que buscan primer empleo o han dejado su último empleo hace 3 años o más;1999TIII;14,69
varones;de 16 a 19;parados que buscan primer empleo o han dejado su último empleo hace 3 años o más;1999TII;15,25
varones;de 16 a 19;parados que buscan primer empleo o han dejado su último empleo hace 3 años o más;1999TI;15,05
varones;de 16 a 19;parados que buscan primer empleo o han dejado su último empleo hace 3 años o más;1998TIV;15,61
varones;de 16 a 19;parados que buscan primer empleo o han dejado su último empleo hace 3 años o más;1998TIII;16,49
varones;de 16 a 19;parados que buscan primer empleo o han dejado su último empleo hace 3 años o más;1998TII;16,25
varones;de 16 a 19;parados que buscan primer empleo o han dejado su último empleo hace 3 años o más;1998TI;15,64
varones;de 16 a 19;parados que buscan primer empleo o han dejado su último empleo hace 3 años o más;1997TIV;16,27
varones;de 16 a 19;parados que buscan primer empleo o han dejado su último empleo hace 3 años o más;1997TIII;17,12
varones;de 16 a 19;parados que buscan primer empleo o han dejado su último empleo hace 3 años o más;1997TII;16,26
varones;de 16 a 19;parados que buscan primer empleo o han dejado su último empleo hace 3 años o más;1997TI;15,69
varones;de 16 a 19;parados que buscan primer empleo o han dejado su último empleo hace 3 años o más;1996TIV;16,70
varones;de 16 a 19;parados que buscan primer empleo o han dejado su último empleo hace 3 años o más;1996TIII;16,05
varones;de 16 a 19;parados que buscan primer empleo o han dejado su último empleo hace 3 años o más;1996TII;15,18
varones;de 16 a 19;parados que buscan primer empleo o han dejado su último empleo hace 3 años o más;1996TI;14,47
varones;de 20 a 24;Total;2001TIV;18,91
varones;de 20 a 24;Total;2001TIII;19,18
varones;de 20 a 24;Total;2001TII;18,56
varones;de 20 a 24;Total;2001TI;18,37
varones;de 20 a 24;Total;2000TIV;19,49
varones;de 20 a 24;Total;2000TIII;19,66
varones;de 20 a 24;Total;2000TII;17,28
varones;de 20 a 24;Total;2000TI;17,86
varones;de 20 a 24;Total;1999TIV;18,23
varones;de 20 a 24;Total;1999TIII;19,01
varones;de 20 a 24;Total;1999TII;18,74
varones;de 20 a 24;Total;1999TI;19,19
varones;de 20 a 24;Total;1998TIV;18,88
varones;de 20 a 24;Total;1998TIII;19,99
varones;de 20 a 24;Total;1998TII;19,50
varones;de 20 a 24;Total;1998TI;19,28
varones;de 20 a 24;Total;1997TIV;18,81
varones;de 20 a 24;Total;1997TIII;19,15
varones;de 20 a 24;Total;1997TII;19,02
varones;de 20 a 24;Total;1997TI;19,69
varones;de 20 a 24;Total;1996TIV;19,91
varones;de 20 a 24;Total;1996TIII;20,47
varones;de 20 a 24;Total;1996TII;20,05
varones;de 20 a 24;Total;1996TI;20,85
varones;de 20 a 24;agricultura;2001TIV;18,62
varones;de 20 a 24;agricultura;2001TIII;13,43
varones;de 20 a 24;agricultura;2001TII;12,54
varones;de 20 a 24;agricultura;2001TI;9,94
varones;de 20 a 24;agricultura;2000TIV;12,27
varones;de 20 a 24;agricultura;2000TIII;12,68
varones;de 20 a 24;agricultura;2000TII;13,10
varones;de 20 a 24;agricultura;2000TI;13,84
varones;de 20 a 24;agricultura;1999TIV;17,84
varones;de 20 a 24;agricultura;1999TIII;14,65
varones;de 20 a 24;agricultura;1999TII;13,18
varones;de 20 a 24;agricultura;1999TI;13,82
varones;de 20 a 24;agricultura;1998TIV;13,94
varones;de 20 a 24;agricultura;1998TIII;14,39
varones;de 20 a 24;agricultura;1998TII;13,79
varones;de 20 a 24;agricultura;1998TI;14,94
varones;de 20 a 24;agricultura;1997TIV;14,54
varones;de 20 a 24;agricultura;1997TIII;15,63
varones;de 20 a 24;agricultura;1997TII;17,26
varones;de 20 a 24;agricultura;1997TI;16,34
varones;de 20 a 24;agricultura;1996TIV;16,46
varones;de 20 a 24;agricultura;1996TIII;15,71
varones;de 20 a 24;agricultura;1996TII;15,86
varones;de 20 a 24;agricultura;1996TI;16,12
varones;de 20 a 24;industria;2001TIV;20,47
varones;de 20 a 24;industria;2001TIII;22,50
varones;de 20 a 24;industria;2001TII;18,51
varones;de 20 a 24;industria;2001TI;21,23
varones;de 20 a 24;industria;2000TIV;20,99
varones;de 20 a 24;industria;2000TIII;19,62
varones;de 20 a 24;industria;2000TII;19,22
varones;de 20 a 24;industria;2000TI;21,13
varones;de 20 a 24;industria;1999TIV;19,12
varones;de 20 a 24;industria;1999TIII;18,60
varones;de 20 a 24;industria;1999TII;18,39
varones;de 20 a 24;industria;1999TI;18,85
varones;de 20 a 24;industria;1998TIV;17,43
varones;de 20 a 24;industria;1998TIII;18,44
varones;de 20 a 24;industria;1998TII;16,92
varones;de 20 a 24;industria;1998TI;20,76
varones;de 20 a 24;industria;1997TIV;18,70
varones;de 20 a 24;industria;1997TIII;18,10
varones;de 20 a 24;industria;1997TII;18,28
varones;de 20 a 24;industria;1997TI;20,28
varones;de 20 a 24;industria;1996TIV;18,81
varones;de 20 a 24;industria;1996TIII;19,40
varones;de 20 a 24;industria;1996TII;20,61
varones;de 20 a 24;industria;1996TI;21,39
varones;de 20 a 24;construcción;2001TIV;14,86
varones;de 20 a 24;construcción;2001TIII;14,99
varones;de 20 a 24;construcción;2001TII;17,79
varones;de 20 a 24;construcción;2001TI;17,90
varones;de 20 a 24;construcción;2000TIV;17,96
varones;de 20 a 24;construcción;2000TIII;17,19
varones;de 20 a 24;construcción;2000TII;15,93
varones;de 20 a 24;construcción;2000TI;15,05
varones;de 20 a 24;construcción;1999TIV;14,12
varones;de 20 a 24;construcción;1999TIII;15,03
varones;de 20 a 24;construcción;1999TII;16,47
varones;de 20 a 24;construcción;1999TI;14,53
varones;de 20 a 24;construcción;1998TIV;12,66
varones;de 20 a 24;construcción;1998TIII;15,53
varones;de 20 a 24;construcción;1998TII;17,11
varones;de 20 a 24;construcción;1998TI;15,04
varones;de 20 a 24;construcción;1997TIV;13,47
varones;de 20 a 24;construcción;1997TIII;14,68
varones;de 20 a 24;construcción;1997TII;14,47
varones;de 20 a 24;construcción;1997TI;13,43
varones;de 20 a 24;construcción;1996TIV;13,69
varones;de 20 a 24;construcción;1996TIII;14,26
varones;de 20 a 24;construcción;1996TII;13,58
varones;de 20 a 24;construcción;1996TI;15,14
varones;de 20 a 24;servicios;2001TIV;19,91
varones;de 20 a 24;servicios;2001TIII;21,37
varones;de 20 a 24;servicios;2001TII;18,68
varones;de 20 a 24;servicios;2001TI;18,39
varones;de 20 a 24;servicios;2000TIV;18,44
varones;de 20 a 24;servicios;2000TIII;20,84
varones;de 20 a 24;servicios;2000TII;16,11
varones;de 20 a 24;servicios;2000TI;17,11
varones;de 20 a 24;servicios;1999TIV;17,78
varones;de 20 a 24;servicios;1999TIII;16,97
varones;de 20 a 24;servicios;1999TII;17,54
varones;de 20 a 24;servicios;1999TI;17,94
varones;de 20 a 24;servicios;1998TIV;18,04
varones;de 20 a 24;servicios;1998TIII;19,36
varones;de 20 a 24;servicios;1998TII;18,74
varones;de 20 a 24;servicios;1998TI;18,73
varones;de 20 a 24;servicios;1997TIV;18,64
varones;de 20 a 24;servicios;1997TIII;19,48
varones;de 20 a 24;servicios;1997TII;18,09
varones;de 20 a 24;servicios;1997TI;17,96
varones;de 20 a 24;servicios;1996TIV;17,91
varones;de 20 a 24;servicios;1996TIII;19,36
varones;de 20 a 24;servicios;1996TII;18,50
varones;de 20 a 24;servicios;1996TI;19,86
varones;de 20 a 24;parados que buscan primer empleo o han dejado su último empleo hace 3 años o más;2001TIV;20,10
varones;de 20 a 24;parados que buscan primer empleo o han dejado su último empleo hace 3 años o más;2001TIII;20,51
varones;de 20 a 24;parados que buscan primer empleo o han dejado su último empleo hace 3 años o más;2001TII;21,88
varones;de 20 a 24;parados que buscan primer empleo o han dejado su último empleo hace 3 años o más;2001TI;21,07
varones;de 20 a 24;parados que buscan primer empleo o han dejado su último empleo hace 3 años o más;2000TIV;23,91
varones;de 20 a 24;parados que buscan primer empleo o han dejado su último empleo hace 3 años o más;2000TIII;22,85
varones;de 20 a 24;parados que buscan primer empleo o han dejado su último empleo hace 3 años o más;2000TII;19,91
varones;de 20 a 24;parados que buscan primer empleo o han dejado su último empleo hace 3 años o más;2000TI;20,24
varones;de 20 a 24;parados que buscan primer empleo o han dejado su último empleo hace 3 años o más;1999TIV;20,48
varones;de 20 a 24;parados que buscan primer empleo o han dejado su último empleo hace 3 años o más;1999TIII;24,07
varones;de 20 a 24;parados que buscan primer empleo o han dejado su último empleo hace 3 años o más;1999TII;22,82
varones;de 20 a 24;parados que buscan primer empleo o han dejado su último empleo hace 3 años o más;1999TI;24,27
varones;de 20 a 24;parados que buscan primer empleo o han dejado su último empleo hace 3 años o más;1998TIV;24,23
varones;de 20 a 24;parados que buscan primer empleo o han dejado su último empleo hace 3 años o más;1998TIII;24,49
varones;de 20 a 24;parados que buscan primer empleo o han dejado su último empleo hace 3 años o más;1998TII;23,81
varones;de 20 a 24;parados que buscan primer empleo o han dejado su último empleo hace 3 años o más;1998TI;22,48
varones;de 20 a 24;parados que buscan primer empleo o han dejado su último empleo hace 3 años o más;1997TIV;22,90
varones;de 20 a 24;parados que buscan primer empleo o han dejado su último empleo hace 3 años o más;1997TIII;22,43
varones;de 20 a 24;parados que buscan primer empleo o han dejado su último empleo hace 3 años o más;1997TII;22,93
varones;de 20 a 24;parados que buscan primer empleo o han dejado su último empleo hace 3 años o más;1997TI;25,10
varones;de 20 a 24;parados que buscan primer empleo o han dejado su último empleo hace 3 años o más;1996TIV;26,32
varones;de 20 a 24;parados que buscan primer empleo o han dejado su último empleo hace 3 años o más;1996TIII;26,15
varones;de 20 a 24;parados que buscan primer empleo o han dejado su último empleo hace 3 años o más;1996TII;25,95
varones;de 20 a 24;parados que buscan primer empleo o han dejado su último empleo hace 3 años o más;1996TI;26,02
varones;de 25 a 54;Total;2001TIV;63,92
varones;de 25 a 54;Total;2001TIII;62,71
varones;de 25 a 54;Total;2001TII;63,61
varones;de 25 a 54;Total;2001TI;64,75
varones;de 25 a 54;Total;2000TIV;62,90
varones;de 25 a 54;Total;2000TIII;61,23
varones;de 25 a 54;Total;2000TII;63,26
varones;de 25 a 54;Total;2000TI;63,07
varones;de 25 a 54;Total;1999TIV;62,90
varones;de 25 a 54;Total;1999TIII;62,42
varones;de 25 a 54;Total;1999TII;63,42
varones;de 25 a 54;Total;1999TI;63,44
varones;de 25 a 54;Total;1998TIV;63,47
varones;de 25 a 54;Total;1998TIII;63,06
varones;de 25 a 54;Total;1998TII;64,12
varones;de 25 a 54;Total;1998TI;64,84
varones;de 25 a 54;Total;1997TIV;64,74
varones;de 25 a 54;Total;1997TIII;63,93
varones;de 25 a 54;Total;1997TII;64,82
varones;de 25 a 54;Total;1997TI;64,23
varones;de 25 a 54;Total;1996TIV;63,81
varones;de 25 a 54;Total;1996TIII;63,29
varones;de 25 a 54;Total;1996TII;64,63
varones;de 25 a 54;Total;1996TI;64,68
varones;de 25 a 54;agricultura;2001TIV;63,40
varones;de 25 a 54;agricultura;2001TIII;68,42
varones;de 25 a 54;agricultura;2001TII;68,42
varones;de 25 a 54;agricultura;2001TI;68,54
varones;de 25 a 54;agricultura;2000TIV;69,60
varones;de 25 a 54;agricultura;2000TIII;66,60
varones;de 25 a 54;agricultura;2000TII;67,22
varones;de 25 a 54;agricultura;2000TI;66,46
varones;de 25 a 54;agricultura;1999TIV;63,11
varones;de 25 a 54;agricultura;1999TIII;67,66
varones;de 25 a 54;agricultura;1999TII;68,86
varones;de 25 a 54;agricultura;1999TI;69,47
varones;de 25 a 54;agricultura;1998TIV;68,71
varones;de 25 a 54;agricultura;1998TIII;70,19
varones;de 25 a 54;agricultura;1998TII;71,84
varones;de 25 a 54;agricultura;1998TI;69,83
varones;de 25 a 54;agricultura;1997TIV;69,42
varones;de 25 a 54;agricultura;1997TIII;66,65
varones;de 25 a 54;agricultura;1997TII;66,52
varones;de 25 a 54;agricultura;1997TI;67,19
varones;de 25 a 54;agricultura;1996TIV;66,27
varones;de 25 a 54;agricultura;1996TIII;66,97
varones;de 25 a 54;agricultura;1996TII;68,02
varones;de 25 a 54;agricultura;1996TI;67,86
varones;de 25 a 54;industria;2001TIV;64,75
varones;de 25 a 54;industria;2001TIII;63,17
varones;de 25 a 54;industria;2001TII;67,10
varones;de 25 a 54;industria;2001TI;62,38
varones;de 25 a 54;industria;2000TIV;61,17
varones;de 25 a 54;industria;2000TIII;63,56
varones;de 25 a 54;industria;2000TII;63,81
varones;de 25 a 54;industria;2000TI;59,90
varones;de 25 a 54;industria;1999TIV;61,71
varones;de 25 a 54;industria;1999TIII;65,68
varones;de 25 a 54;industria;1999TII;64,22
varones;de 25 a 54;industria;1999TI;66,25
varones;de 25 a 54;industria;1998TIV;68,22
varones;de 25 a 54;industria;1998TIII;66,47
varones;de 25 a 54;industria;1998TII;66,62
varones;de 25 a 54;industria;1998TI;65,42
varones;de 25 a 54;industria;1997TIV;67,28
varones;de 25 a 54;industria;1997TIII;66,96
varones;de 25 a 54;industria;1997TII;68,91
varones;de 25 a 54;industria;1997TI;66,33
varones;de 25 a 54;industria;1996TIV;67,03
varones;de 25 a 54;industria;1996TIII;66,47
varones;de 25 a 54;industria;1996TII;65,85
varones;de 25 a 54;industria;1996TI;66,23
varones;de 25 a 54;construcción;2001TIV;72,16
varones;de 25 a 54;construcción;2001TIII;72,96
varones;de 25 a 54;construcción;2001TII;70,35
varones;de 25 a 54;construcción;2001TI;70,37
varones;de 25 a 54;construcción;2000TIV;68,34
varones;de 25 a 54;construcción;2000TIII;67,65
varones;de 25 a 54;construcción;2000TII;69,41
varones;de 25 a 54;construcción;2000TI;72,25
varones;de 25 a 54;construcción;1999TIV;73,76
varones;de 25 a 54;construcción;1999TIII;71,64
varones;de 25 a 54;construcción;1999TII;71,11
varones;de 25 a 54;construcción;1999TI;72,92
varones;de 25 a 54;construcción;1998TIV;72,21
varones;de 25 a 54;construcción;1998TIII;73,77
varones;de 25 a 54;construcción;1998TII;71,61
varones;de 25 a 54;construcción;1998TI;73,87
varones;de 25 a 54;construcción;1997TIV;76,60
varones;de 25 a 54;construcción;1997TIII;74,52
varones;de 25 a 54;construcción;1997TII;74,90
varones;de 25 a 54;construcción;1997TI;75,87
varones;de 25 a 54;construcción;1996TIV;76,29
varones;de 25 a 54;construcción;1996TIII;76,36
varones;de 25 a 54;construcción;1996TII;76,12
varones;de 25 a 54;construcción;1996TI;75,46
varones;de 25 a 54;servicios;2001TIV;69,07
varones;de 25 a 54;servicios;2001TIII;65,77
varones;de 25 a 54;servicios;2001TII;67,27
varones;de 25 a 54;servicios;2001TI;68,60
varones;de 25 a 54;servicios;2000TIV;68,88
varones;de 25 a 54;servicios;2000TIII;67,44
varones;de 25 a 54;servicios;2000TII;72,30
varones;de 25 a 54;servicios;2000TI;69,80
varones;de 25 a 54;servicios;1999TIV;68,90
varones;de 25 a 54;servicios;1999TIII;69,43
varones;de 25 a 54;servicios;1999TII;69,85
varones;de 25 a 54;servicios;1999TI;69,75
varones;de 25 a 54;servicios;1998TIV;70,31
varones;de 25 a 54;servicios;1998TIII;69,43
varones;de 25 a 54;servicios;1998TII;71,70
varones;de 25 a 54;servicios;1998TI;71,23
varones;de 25 a 54;servicios;1997TIV;70,92
varones;de 25 a 54;servicios;1997TIII;71,01
varones;de 25 a 54;servicios;1997TII;71,10
varones;de 25 a 54;servicios;1997TI;71,15
varones;de 25 a 54;servicios;1996TIV;70,81
varones;de 25 a 54;servicios;1996TIII;69,57
varones;de 25 a 54;servicios;1996TII;71,39
varones;de 25 a 54;servicios;1996TI;70,52
varones;de 25 a 54;parados que buscan primer empleo o han dejado su último empleo hace 3 años o más;2001TIV;49,34
varones;de 25 a 54;parados que buscan primer empleo o han dejado su último empleo hace 3 años o más;2001TIII;47,03
varones;de 25 a 54;parados que buscan primer empleo o han dejado su último empleo hace 3 años o más;2001TII;48,10
varones;de 25 a 54;parados que buscan primer empleo o han dejado su último empleo hace 3 años o más;2001TI;53,18
varones;de 25 a 54;parados que buscan primer empleo o han dejado su último empleo hace 3 años o más;2000TIV;50,16
varones;de 25 a 54;parados que buscan primer empleo o han dejado su último empleo hace 3 años o más;2000TIII;48,30
varones;de 25 a 54;parados que buscan primer empleo o han dejado su último empleo hace 3 años o más;2000TII;49,56
varones;de 25 a 54;parados que buscan primer empleo o han dejado su último empleo hace 3 años o más;2000TI;51,74
varones;de 25 a 54;parados que buscan primer empleo o han dejado su último empleo hace 3 años o más;1999TIV;52,53
varones;de 25 a 54;parados que buscan primer empleo o han dejado su último empleo hace 3 años o más;1999TIII;49,70
varones;de 25 a 54;parados que buscan primer empleo o han dejado su último empleo hace 3 años o más;1999TII;52,06
varones;de 25 a 54;parados que buscan primer empleo o han dejado su último empleo hace 3 años o más;1999TI;50,50
varones;de 25 a 54;parados que buscan primer empleo o han dejado su último empleo hace 3 años o más;1998TIV;50,88
varones;de 25 a 54;parados que buscan primer empleo o han dejado su último empleo hace 3 años o más;1998TIII;50,68
varones;de 25 a 54;parados que buscan primer empleo o han dejado su último empleo hace 3 años o más;1998TII;51,61
varones;de 25 a 54;parados que buscan primer empleo o han dejado su último empleo hace 3 años o más;1998TI;53,40
varones;de 25 a 54;parados que buscan primer empleo o han dejado su último empleo hace 3 años o más;1997TIV;51,88
varones;de 25 a 54;parados que buscan primer empleo o han dejado su último empleo hace 3 años o más;1997TIII;51,97
varones;de 25 a 54;parados que buscan primer empleo o han dejado su último empleo hace 3 años o más;1997TII;52,67
varones;de 25 a 54;parados que buscan primer empleo o han dejado su último empleo hace 3 años o más;1997TI;50,92
varones;de 25 a 54;parados que buscan primer empleo o han dejado su último empleo hace 3 años o más;1996TIV;49,17
varones;de 25 a 54;parados que buscan primer empleo o han dejado su último empleo hace 3 años o más;1996TIII;49,61
varones;de 25 a 54;parados que buscan primer empleo o han dejado su último empleo hace 3 años o más;1996TII;51,09
varones;de 25 a 54;parados que buscan primer empleo o han dejado su último empleo hace 3 años o más;1996TI;52,08
varones;de 55 y más;Total;2001TIV;8,25
varones;de 55 y más;Total;2001TIII;8,06
varones;de 55 y más;Total;2001TII;8,47
varones;de 55 y más;Total;2001TI;8,22
varones;de 55 y más;Total;2000TIV;9,06
varones;de 55 y más;Total;2000TIII;9,26
varones;de 55 y más;Total;2000TII;10,59
varones;de 55 y más;Total;2000TI;10,23
varones;de 55 y más;Total;1999TIV;9,66
varones;de 55 y más;Total;1999TIII;9,37
varones;de 55 y más;Total;1999TII;8,86
varones;de 55 y más;Total;1999TI;8,44
varones;de 55 y más;Total;1998TIV;8,54
varones;de 55 y más;Total;1998TIII;7,62
varones;de 55 y más;Total;1998TII;7,61
varones;de 55 y más;Total;1998TI;7,17
varones;de 55 y más;Total;1997TIV;7,49
varones;de 55 y más;Total;1997TIII;7,62
varones;de 55 y más;Total;1997TII;7,30
varones;de 55 y más;Total;1997TI;7,36
varones;de 55 y más;Total;1996TIV;7,32
varones;de 55 y más;Total;1996TIII;7,50
varones;de 55 y más;Total;1996TII;6,95
varones;de 55 y más;Total;1996TI;6,80
varones;de 55 y más;agricultura;2001TIV;13,18
varones;de 55 y más;agricultura;2001TIII;12,42
varones;de 55 y más;agricultura;2001TII;11,71
varones;de 55 y más;agricultura;2001TI;12,88
varones;de 55 y más;agricultura;2000TIV;12,38
varones;de 55 y más;agricultura;2000TIII;13,11
varones;de 55 y más;agricultura;2000TII;13,89
varones;de 55 y más;agricultura;2000TI;13,18
varones;de 55 y más;agricultura;1999TIV;11,21
varones;de 55 y más;agricultura;1999TIII;10,49
varones;de 55 y más;agricultura;1999TII;11,74
varones;de 55 y más;agricultura;1999TI;10,50
varones;de 55 y más;agricultura;1998TIV;11,01
varones;de 55 y más;agricultura;1998TIII;8,37
varones;de 55 y más;agricultura;1998TII;8,15
varones;de 55 y más;agricultura;1998TI;10,01
varones;de 55 y más;agricultura;1997TIV;9,18
varones;de 55 y más;agricultura;1997TIII;10,88
varones;de 55 y más;agricultura;1997TII;10,93
varones;de 55 y más;agricultura;1997TI;11,38
varones;de 55 y más;agricultura;1996TIV;10,80
varones;de 55 y más;agricultura;1996TIII;11,31
varones;de 55 y más;agricultura;1996TII;11,30
varones;de 55 y más;agricultura;1996TI;11,22
varones;de 55 y más;industria;2001TIV;6,74
varones;de 55 y más;industria;2001TIII;5,41
varones;de 55 y más;industria;2001TII;8,79
varones;de 55 y más;industria;2001TI;9,34
varones;de 55 y más;industria;2000TIV;9,41
varones;de 55 y más;industria;2000TIII;8,00
varones;de 55 y más;industria;2000TII;10,82
varones;de 55 y más;industria;2000TI;10,22
varones;de 55 y más;industria;1999TIV;9,34
varones;de 55 y más;industria;1999TIII;9,25
varones;de 55 y más;industria;1999TII;10,18
varones;de 55 y más;industria;1999TI;8,56
varones;de 55 y más;industria;1998TIV;8,27
varones;de 55 y más;industria;1998TIII;9,65
varones;de 55 y más;industria;1998TII;9,62
varones;de 55 y más;industria;1998TI;6,65
varones;de 55 y más;industria;1997TIV;7,89
varones;de 55 y más;industria;1997TIII;8,08
varones;de 55 y más;industria;1997TII;7,04
varones;de 55 y más;industria;1997TI;6,58
varones;de 55 y más;industria;1996TIV;8,04
varones;de 55 y más;industria;1996TIII;7,63
varones;de 55 y más;industria;1996TII;6,63
varones;de 55 y más;industria;1996TI;7,24
varones;de 55 y más;construcción;2001TIV;5,29
varones;de 55 y más;construcción;2001TIII;6,09
varones;de 55 y más;construcción;2001TII;5,91
varones;de 55 y más;construcción;2001TI;6,99
varones;de 55 y más;construcción;2000TIV;8,14
varones;de 55 y más;construcción;2000TIII;9,46
varones;de 55 y más;construcción;2000TII;8,32
varones;de 55 y más;construcción;2000TI;8,14
varones;de 55 y más;construcción;1999TIV;7,70
varones;de 55 y más;construcción;1999TIII;7,74
varones;de 55 y más;construcción;1999TII;7,21
varones;de 55 y más;construcción;1999TI;7,23
varones;de 55 y más;construcción;1998TIV;9,38
varones;de 55 y más;construcción;1998TIII;7,36
varones;de 55 y más;construcción;1998TII;7,26
varones;de 55 y más;construcción;1998TI;7,09
varones;de 55 y más;construcción;1997TIV;6,43
varones;de 55 y más;construcción;1997TIII;7,63
varones;de 55 y más;construcción;1997TII;7,24
varones;de 55 y más;construcción;1997TI;7,58
varones;de 55 y más;construcción;1996TIV;7,29
varones;de 55 y más;construcción;1996TIII;6,84
varones;de 55 y más;construcción;1996TII;7,05
varones;de 55 y más;construcción;1996TI;6,42
varones;de 55 y más;servicios;2001TIV;5,24
varones;de 55 y más;servicios;2001TIII;6,19
varones;de 55 y más;servicios;2001TII;6,69
varones;de 55 y más;servicios;2001TI;5,34
varones;de 55 y más;servicios;2000TIV;6,19
varones;de 55 y más;servicios;2000TIII;6,06
varones;de 55 y más;servicios;2000TII;7,50
varones;de 55 y más;servicios;2000TI;7,05
varones;de 55 y más;servicios;1999TIV;7,36
varones;de 55 y más;servicios;1999TIII;7,22
varones;de 55 y más;servicios;1999TII;6,98
varones;de 55 y más;servicios;1999TI;6,32
varones;de 55 y más;servicios;1998TIV;6,41
varones;de 55 y más;servicios;1998TIII;5,59
varones;de 55 y más;servicios;1998TII;5,77
varones;de 55 y más;servicios;1998TI;4,98
varones;de 55 y más;servicios;1997TIV;5,47
varones;de 55 y más;servicios;1997TIII;4,91
varones;de 55 y más;servicios;1997TII;5,04
varones;de 55 y más;servicios;1997TI;5,17
varones;de 55 y más;servicios;1996TIV;5,39
varones;de 55 y más;servicios;1996TIII;5,76
varones;de 55 y más;servicios;1996TII;4,60
varones;de 55 y más;servicios;1996TI;4,76
varones;de 55 y más;parados que buscan primer empleo o han dejado su último empleo hace 3 años o más;2001TIV;13,92
varones;de 55 y más;parados que buscan primer empleo o han dejado su último empleo hace 3 años o más;2001TIII;11,84
varones;de 55 y más;parados que buscan primer empleo o han dejado su último empleo hace 3 años o más;2001TII;11,61
varones;de 55 y más;parados que buscan primer empleo o han dejado su último empleo hace 3 años o más;2001TI;10,86
varones;de 55 y más;parados que buscan primer empleo o han dejado su último empleo hace 3 años o más;2000TIV;11,72
varones;de 55 y más;parados que buscan primer empleo o han dejado su último empleo hace 3 años o más;2000TIII;11,18
varones;de 55 y más;parados que buscan primer empleo o han dejado su último empleo hace 3 años o más;2000TII;13,44
varones;de 55 y más;parados que buscan primer empleo o han dejado su último empleo hace 3 años o más;2000TI;13,39
varones;de 55 y más;parados que buscan primer empleo o han dejado su último empleo hace 3 años o más;1999TIV;12,32
varones;de 55 y más;parados que buscan primer empleo o han dejado su último empleo hace 3 años o más;1999TIII;11,54
varones;de 55 y más;parados que buscan primer empleo o han dejado su último empleo hace 3 años o más;1999TII;9,88
varones;de 55 y más;parados que buscan primer empleo o han dejado su último empleo hace 3 años o más;1999TI;10,19
varones;de 55 y más;parados que buscan primer empleo o han dejado su último empleo hace 3 años o más;1998TIV;9,28
varones;de 55 y más;parados que buscan primer empleo o han dejado su último empleo hace 3 años o más;1998TIII;8,34
varones;de 55 y más;parados que buscan primer empleo o han dejado su último empleo hace 3 años o más;1998TII;8,33
varones;de 55 y más;parados que buscan primer empleo o han dejado su último empleo hace 3 años o más;1998TI;8,48
varones;de 55 y más;parados que buscan primer empleo o han dejado su último empleo hace 3 años o más;1997TIV;8,95
varones;de 55 y más;parados que buscan primer empleo o han dejado su último empleo hace 3 años o más;1997TIII;8,48
varones;de 55 y más;parados que buscan primer empleo o han dejado su último empleo hace 3 años o más;1997TII;8,15
varones;de 55 y más;parados que buscan primer empleo o han dejado su último empleo hace 3 años o más;1997TI;8,29
varones;de 55 y más;parados que buscan primer empleo o han dejado su último empleo hace 3 años o más;1996TIV;7,82
varones;de 55 y más;parados que buscan primer empleo o han dejado su último empleo hace 3 años o más;1996TIII;8,18
varones;de 55 y más;parados que buscan primer empleo o han dejado su último empleo hace 3 años o más;1996TII;7,77
varones;de 55 y más;parados que buscan primer empleo o han dejado su último empleo hace 3 años o más;1996TI;7,43
mujeres;de 16 a 19;Total;2001TIV;7,00
mujeres;de 16 a 19;Total;2001TIII;6,99
mujeres;de 16 a 19;Total;2001TII;7,54
mujeres;de 16 a 19;Total;2001TI;6,97
mujeres;de 16 a 19;Total;2000TIV;6,84
mujeres;de 16 a 19;Total;2000TIII;6,72
mujeres;de 16 a 19;Total;2000TII;6,87
mujeres;de 16 a 19;Total;2000TI;6,79
mujeres;de 16 a 19;Total;1999TIV;7,08
mujeres;de 16 a 19;Total;1999TIII;6,84
mujeres;de 16 a 19;Total;1999TII;6,90
mujeres;de 16 a 19;Total;1999TI;6,89
mujeres;de 16 a 19;Total;1998TIV;6,92
mujeres;de 16 a 19;Total;1998TIII;7,13
mujeres;de 16 a 19;Total;1998TII;7,00
mujeres;de 16 a 19;Total;1998TI;7,01
mujeres;de 16 a 19;Total;1997TIV;7,56
mujeres;de 16 a 19;Total;1997TIII;8,42
mujeres;de 16 a 19;Total;1997TII;8,06
mujeres;de 16 a 19;Total;1997TI;8,14
mujeres;de 16 a 19;Total;1996TIV;8,56
mujeres;de 16 a 19;Total;1996TIII;8,86
mujeres;de 16 a 19;Total;1996TII;7,98
mujeres;de 16 a 19;Total;1996TI;8,26
mujeres;de 16 a 19;agricultura;2001TIV;4,11
mujeres;de 16 a 19;agricultura;2001TIII;4,14
mujeres;de 16 a 19;agricultura;2001TII;6,82
mujeres;de 16 a 19;agricultura;2001TI;5,63
mujeres;de 16 a 19;agricultura;2000TIV;6,78
mujeres;de 16 a 19;agricultura;2000TIII;5,81
mujeres;de 16 a 19;agricultura;2000TII;6,88
mujeres;de 16 a 19;agricultura;2000TI;5,13
mujeres;de 16 a 19;agricultura;1999TIV;6,00
mujeres;de 16 a 19;agricultura;1999TIII;6,23
mujeres;de 16 a 19;agricultura;1999TII;7,41
mujeres;de 16 a 19;agricultura;1999TI;5,92
mujeres;de 16 a 19;agricultura;1998TIV;5,83
mujeres;de 16 a 19;agricultura;1998TIII;6,17
mujeres;de 16 a 19;agricultura;1998TII;5,31
mujeres;de 16 a 19;agricultura;1998TI;3,95
mujeres;de 16 a 19;agricultura;1997TIV;4,74
mujeres;de 16 a 19;agricultura;1997TIII;6,59
mujeres;de 16 a 19;agricultura;1997TII;8,16
mujeres;de 16 a 19;agricultura;1997TI;8,89
mujeres;de 16 a 19;agricultura;1996TIV;7,02
mujeres;de 16 a 19;agricultura;1996TIII;8,02
mujeres;de 16 a 19;agricultura;1996TII;5,38
mujeres;de 16 a 19;agricultura;1996TI;7,10
mujeres;de 16 a 19;industria;2001TIV;4,85
mujeres;de 16 a 19;industria;2001TIII;5,75
mujeres;de 16 a 19;industria;2001TII;7,10
mujeres;de 16 a 19;industria;2001TI;6,34
mujeres;de 16 a 19;industria;2000TIV;8,33
mujeres;de 16 a 19;industria;2000TIII;9,33
mujeres;de 16 a 19;industria;2000TII;6,69
mujeres;de 16 a 19;industria;2000TI;6,55
mujeres;de 16 a 19;industria;1999TIV;8,84
mujeres;de 16 a 19;industria;1999TIII;5,82
mujeres;de 16 a 19;industria;1999TII;4,76
mujeres;de 16 a 19;industria;1999TI;6,38
mujeres;de 16 a 19;industria;1998TIV;5,40
mujeres;de 16 a 19;industria;1998TIII;6,39
mujeres;de 16 a 19;industria;1998TII;6,61
mujeres;de 16 a 19;industria;1998TI;7,66
mujeres;de 16 a 19;industria;1997TIV;6,81
mujeres;de 16 a 19;industria;1997TIII;6,48
mujeres;de 16 a 19;industria;1997TII;6,91
mujeres;de 16 a 19;industria;1997TI;5,82
mujeres;de 16 a 19;industria;1996TIV;7,67
mujeres;de 16 a 19;industria;1996TIII;8,87
mujeres;de 16 a 19;industria;1996TII;8,25
mujeres;de 16 a 19;industria;1996TI;8,95
mujeres;de 16 a 19;construcción;2001TIV;10,11
mujeres;de 16 a 19;construcción;2001TIII;0,00
mujeres;de 16 a 19;construcción;2001TII;4,03
mujeres;de 16 a 19;construcción;2001TI;6,28
mujeres;de 16 a 19;construcción;2000TIV;2,74
mujeres;de 16 a 19;construcción;2000TIII;1,18
mujeres;de 16 a 19;construcción;2000TII;0,56
mujeres;de 16 a 19;construcción;2000TI;0,81
mujeres;de 16 a 19;construcción;1999TIV;0,85
mujeres;de 16 a 19;construcción;1999TIII;2,86
mujeres;de 16 a 19;construcción;1999TII;0,00
mujeres;de 16 a 19;construcción;1999TI;1,06
mujeres;de 16 a 19;construcción;1998TIV;1,10
mujeres;de 16 a 19;construcción;1998TIII;1,63
mujeres;de 16 a 19;construcción;1998TII;1,72
mujeres;de 16 a 19;construcción;1998TI;1,66
mujeres;de 16 a 19;construcción;1997TIV;5,58
mujeres;de 16 a 19;construcción;1997TIII;4,62
mujeres;de 16 a 19;construcción;1997TII;5,07
mujeres;de 16 a 19;construcción;1997TI;6,06
mujeres;de 16 a 19;construcción;1996TIV;1,53
mujeres;de 16 a 19;construcción;1996TIII;2,78
mujeres;de 16 a 19;construcción;1996TII;2,02
mujeres;de 16 a 19;construcción;1996TI;1,35
mujeres;de 16 a 19;servicios;2001TIV;5,01
mujeres;de 16 a 19;servicios;2001TIII;5,26
mujeres;de 16 a 19;servicios;2001TII;5,09
mujeres;de 16 a 19;servicios;2001TI;5,33
mujeres;de 16 a 19;servicios;2000TIV;4,56
mujeres;de 16 a 19;servicios;2000TIII;4,56
mujeres;de 16 a 19;servicios;2000TII;5,43
mujeres;de 16 a 19;servicios;2000TI;5,40
mujeres;de 16 a 19;servicios;1999TIV;5,35
mujeres;de 16 a 19;servicios;1999TIII;4,38
mujeres;de 16 a 19;servicios;1999TII;4,57
mujeres;de 16 a 19;servicios;1999TI;5,01
mujeres;de 16 a 19;servicios;1998TIV;4,73
mujeres;de 16 a 19;servicios;1998TIII;5,33
mujeres;de 16 a 19;servicios;1998TII;4,52
mujeres;de 16 a 19;servicios;1998TI;4,31
mujeres;de 16 a 19;servicios;1997TIV;4,68
mujeres;de 16 a 19;servicios;1997TIII;5,33
mujeres;de 16 a 19;servicios;1997TII;5,03
mujeres;de 16 a 19;servicios;1997TI;4,90
mujeres;de 16 a 19;servicios;1996TIV;5,21
mujeres;de 16 a 19;servicios;1996TIII;4,83
mujeres;de 16 a 19;servicios;1996TII;4,73
mujeres;de 16 a 19;servicios;1996TI;5,37
mujeres;de 16 a 19;parados que buscan primer empleo o han dejado su último empleo hace 3 años o más;2001TIV;10,36
mujeres;de 16 a 19;parados que buscan primer empleo o han dejado su último empleo hace 3 años o más;2001TIII;9,92
mujeres;de 16 a 19;parados que buscan primer empleo o han dejado su último empleo hace 3 años o más;2001TII;10,66
mujeres;de 16 a 19;parados que buscan primer empleo o han dejado su último empleo hace 3 años o más;2001TI;9,28
mujeres;de 16 a 19;parados que buscan primer empleo o han dejado su último empleo hace 3 años o más;2000TIV;9,02
mujeres;de 16 a 19;parados que buscan primer empleo o han dejado su último empleo hace 3 años o más;2000TIII;8,55
mujeres;de 16 a 19;parados que buscan primer empleo o han dejado su último empleo hace 3 años o más;2000TII;8,36
mujeres;de 16 a 19;parados que buscan primer empleo o han dejado su último empleo hace 3 años o más;2000TI;8,45
mujeres;de 16 a 19;parados que buscan primer empleo o han dejado su último empleo hace 3 años o más;1999TIV;8,60
mujeres;de 16 a 19;parados que buscan primer empleo o han dejado su último empleo hace 3 años o más;1999TIII;9,04
mujeres;de 16 a 19;parados que buscan primer empleo o han dejado su último empleo hace 3 años o más;1999TII;9,08
mujeres;de 16 a 19;parados que buscan primer empleo o han dejado su último empleo hace 3 años o más;1999TI;8,65
mujeres;de 16 a 19;parados que buscan primer empleo o han dejado su último empleo hace 3 años o más;1998TIV;8,86
mujeres;de 16 a 19;parados que buscan primer empleo o han dejado su último empleo hace 3 años o más;1998TIII;8,59
mujeres;de 16 a 19;parados que buscan primer empleo o han dejado su último empleo hace 3 años o más;1998TII;9,06
mujeres;de 16 a 19;parados que buscan primer empleo o han dejado su último empleo hace 3 años o más;1998TI;9,15
mujeres;de 16 a 19;parados que buscan primer empleo o han dejado su último empleo hace 3 años o más;1997TIV;9,87
mujeres;de 16 a 19;parados que buscan primer empleo o han dejado su último empleo hace 3 años o más;1997TIII;10,89
mujeres;de 16 a 19;parados que buscan primer empleo o han dejado su último empleo hace 3 años o más;1997TII;10,24
mujeres;de 16 a 19;parados que buscan primer empleo o han dejado su último empleo hace 3 años o más;1997TI;10,61
mujeres;de 16 a 19;parados que buscan primer empleo o han dejado su último empleo hace 3 años o más;1996TIV;11,25
mujeres;de 16 a 19;parados que buscan primer empleo o han dejado su último empleo hace 3 años o más;1996TIII;11,65
mujeres;de 16 a 19;parados que buscan primer empleo o han dejado su último empleo hace 3 años o más;1996TII;10,47
mujeres;de 16 a 19;parados que buscan primer empleo o han dejado su último empleo hace 3 años o más;1996TI;10,34
mujeres;de 20 a 24;Total;2001TIV;19,01
mujeres;de 20 a 24;Total;2001TIII;19,98
mujeres;de 20 a 24;Total;2001TII;18,45
mujeres;de 20 a 24;Total;2001TI;19,04
mujeres;de 20 a 24;Total;2000TIV;18,66
mujeres;de 20 a 24;Total;2000TIII;18,48
mujeres;de 20 a 24;Total;2000TII;18,18
mujeres;de 20 a 24;Total;2000TI;19,22
mujeres;de 20 a 24;Total;1999TIV;19,42
mujeres;de 20 a 24;Total;1999TIII;20,06
mujeres;de 20 a 24;Total;1999TII;19,50
mujeres;de 20 a 24;Total;1999TI;20,13
mujeres;de 20 a 24;Total;1998TIV;20,55
mujeres;de 20 a 24;Total;1998TIII;20,30
mujeres;de 20 a 24;Total;1998TII;20,40
mujeres;de 20 a 24;Total;1998TI;21,07
mujeres;de 20 a 24;Total;1997TIV;21,15
mujeres;de 20 a 24;Total;1997TIII;20,60
mujeres;de 20 a 24;Total;1997TII;20,63
mujeres;de 20 a 24;Total;1997TI;21,34
mujeres;de 20 a 24;Total;1996TIV;21,78
mujeres;de 20 a 24;Total;1996TIII;22,58
mujeres;de 20 a 24;Total;1996TII;22,11
mujeres;de 20 a 24;Total;1996TI;23,26
mujeres;de 20 a 24;agricultura;2001TIV;13,71
mujeres;de 20 a 24;agricultura;2001TIII;12,02
mujeres;de 20 a 24;agricultura;2001TII;12,60
mujeres;de 20 a 24;agricultura;2001TI;14,18
mujeres;de 20 a 24;agricultura;2000TIV;13,33
mujeres;de 20 a 24;agricultura;2000TIII;10,99
mujeres;de 20 a 24;agricultura;2000TII;13,10
mujeres;de 20 a 24;agricultura;2000TI;12,46
mujeres;de 20 a 24;agricultura;1999TIV;12,21
mujeres;de 20 a 24;agricultura;1999TIII;12,43
mujeres;de 20 a 24;agricultura;1999TII;10,58
mujeres;de 20 a 24;agricultura;1999TI;10,89
mujeres;de 20 a 24;agricultura;1998TIV;13,01
mujeres;de 20 a 24;agricultura;1998TIII;14,01
mujeres;de 20 a 24;agricultura;1998TII;14,27
mujeres;de 20 a 24;agricultura;1998TI;14,47
mujeres;de 20 a 24;agricultura;1997TIV;13,66
mujeres;de 20 a 24;agricultura;1997TIII;15,43
mujeres;de 20 a 24;agricultura;1997TII;16,06
mujeres;de 20 a 24;agricultura;1997TI;15,17
mujeres;de 20 a 24;agricultura;1996TIV;15,68
mujeres;de 20 a 24;agricultura;1996TIII;17,47
mujeres;de 20 a 24;agricultura;1996TII;15,26
mujeres;de 20 a 24;agricultura;1996TI;18,59
mujeres;de 20 a 24;industria;2001TIV;18,34
mujeres;de 20 a 24;industria;2001TIII;20,41
mujeres;de 20 a 24;industria;2001TII;17,67
mujeres;de 20 a 24;industria;2001TI;21,15
mujeres;de 20 a 24;industria;2000TIV;16,60
mujeres;de 20 a 24;industria;2000TIII;19,58
mujeres;de 20 a 24;industria;2000TII;20,71
mujeres;de 20 a 24;industria;2000TI;19,68
mujeres;de 20 a 24;industria;1999TIV;17,67
mujeres;de 20 a 24;industria;1999TIII;19,06
mujeres;de 20 a 24;industria;1999TII;18,41
mujeres;de 20 a 24;industria;1999TI;20,87
mujeres;de 20 a 24;industria;1998TIV;17,13
mujeres;de 20 a 24;industria;1998TIII;17,62
mujeres;de 20 a 24;industria;1998TII;20,62
mujeres;de 20 a 24;industria;1998TI;20,96
mujeres;de 20 a 24;industria;1997TIV;19,24
mujeres;de 20 a 24;industria;1997TIII;18,64
mujeres;de 20 a 24;industria;1997TII;17,91
mujeres;de 20 a 24;industria;1997TI;19,88
mujeres;de 20 a 24;industria;1996TIV;24,38
mujeres;de 20 a 24;industria;1996TIII;24,63
mujeres;de 20 a 24;industria;1996TII;24,34
mujeres;de 20 a 24;industria;1996TI;26,43
mujeres;de 20 a 24;construcción;2001TIV;7,96
mujeres;de 20 a 24;construcción;2001TIII;13,15
mujeres;de 20 a 24;construcción;2001TII;23,67
mujeres;de 20 a 24;construcción;2001TI;12,70
mujeres;de 20 a 24;construcción;2000TIV;15,66
mujeres;de 20 a 24;construcción;2000TIII;12,33
mujeres;de 20 a 24;construcción;2000TII;8,62
mujeres;de 20 a 24;construcción;2000TI;9,95
mujeres;de 20 a 24;construcción;1999TIV;10,51
mujeres;de 20 a 24;construcción;1999TIII;9,48
mujeres;de 20 a 24;construcción;1999TII;6,73
mujeres;de 20 a 24;construcción;1999TI;11,55
mujeres;de 20 a 24;construcción;1998TIV;13,42
mujeres;de 20 a 24;construcción;1998TIII;8,11
mujeres;de 20 a 24;construcción;1998TII;14,66
mujeres;de 20 a 24;construcción;1998TI;11,19
mujeres;de 20 a 24;construcción;1997TIV;8,57
mujeres;de 20 a 24;construcción;1997TIII;9,28
mujeres;de 20 a 24;construcción;1997TII;12,89
mujeres;de 20 a 24;construcción;1997TI;14,54
mujeres;de 20 a 24;construcción;1996TIV;14,96
mujeres;de 20 a 24;construcción;1996TIII;23,68
mujeres;de 20 a 24;construcción;1996TII;21,60
mujeres;de 20 a 24;construcción;1996TI;30,72
mujeres;de 20 a 24;servicios;2001TIV;18,94
mujeres;de 20 a 24;servicios;2001TIII;19,48
mujeres;de 20 a 24;servicios;2001TII;19,37
mujeres;de 20 a 24;servicios;2001TI;19,78
mujeres;de 20 a 24;servicios;2000TIV;19,03
mujeres;de 20 a 24;servicios;2000TIII;18,76
mujeres;de 20 a 24;servicios;2000TII;18,74
mujeres;de 20 a 24;servicios;2000TI;19,82
mujeres;de 20 a 24;servicios;1999TIV;18,98
mujeres;de 20 a 24;servicios;1999TIII;18,99
mujeres;de 20 a 24;servicios;1999TII;19,66
mujeres;de 20 a 24;servicios;1999TI;21,57
mujeres;de 20 a 24;servicios;1998TIV;21,06
mujeres;de 20 a 24;servicios;1998TIII;19,98
mujeres;de 20 a 24;servicios;1998TII;21,08
mujeres;de 20 a 24;servicios;1998TI;22,14
mujeres;de 20 a 24;servicios;1997TIV;21,76
mujeres;de 20 a 24;servicios;1997TIII;21,13
mujeres;de 20 a 24;servicios;1997TII;22,13
mujeres;de 20 a 24;servicios;1997TI;22,44
mujeres;de 20 a 24;servicios;1996TIV;21,78
mujeres;de 20 a 24;servicios;1996TIII;23,38
mujeres;de 20 a 24;servicios;1996TII;22,88
mujeres;de 20 a 24;servicios;1996TI;22,66
mujeres;de 20 a 24;parados que buscan primer empleo o han dejado su último empleo hace 3 años o más;2001TIV;20,61
mujeres;de 20 a 24;parados que buscan primer empleo o han dejado su último empleo hace 3 años o más;2001TIII;22,11
mujeres;de 20 a 24;parados que buscan primer empleo o han dejado su último empleo hace 3 años o más;2001TII;18,61
mujeres;de 20 a 24;parados que buscan primer empleo o han dejado su último empleo hace 3 años o más;2001TI;18,68
mujeres;de 20 a 24;parados que buscan primer empleo o han dejado su último empleo hace 3 años o más;2000TIV;19,54
mujeres;de 20 a 24;parados que buscan primer empleo o han dejado su último empleo hace 3 años o más;2000TIII;19,54
mujeres;de 20 a 24;parados que buscan primer empleo o han dejado su último empleo hace 3 años o más;2000TII;18,43
mujeres;de 20 a 24;parados que buscan primer empleo o han dejado su último empleo hace 3 años o más;2000TI;19,80
mujeres;de 20 a 24;parados que buscan primer empleo o han dejado su último empleo hace 3 años o más;1999TIV;21,25
mujeres;de 20 a 24;parados que buscan primer empleo o han dejado su último empleo hace 3 años o más;1999TIII;22,32
mujeres;de 20 a 24;parados que buscan primer empleo o han dejado su último empleo hace 3 años o más;1999TII;20,81
mujeres;de 20 a 24;parados que buscan primer empleo o han dejado su último empleo hace 3 años o más;1999TI;20,09
mujeres;de 20 a 24;parados que buscan primer empleo o han dejado su último empleo hace 3 años o más;1998TIV;21,54
mujeres;de 20 a 24;parados que buscan primer empleo o han dejado su último empleo hace 3 años o más;1998TIII;21,71
mujeres;de 20 a 24;parados que buscan primer empleo o han dejado su último empleo hace 3 años o más;1998TII;20,68
mujeres;de 20 a 24;parados que buscan primer empleo o han dejado su último empleo hace 3 años o más;1998TI;21,15
mujeres;de 20 a 24;parados que buscan primer empleo o han dejado su último empleo hace 3 años o más;1997TIV;22,15
mujeres;de 20 a 24;parados que buscan primer empleo o han dejado su último empleo hace 3 años o más;1997TIII;21,32
mujeres;de 20 a 24;parados que buscan primer empleo o han dejado su último empleo hace 3 años o más;1997TII;20,65
mujeres;de 20 a 24;parados que buscan primer empleo o han dejado su último empleo hace 3 años o más;1997TI;21,43
mujeres;de 20 a 24;parados que buscan primer empleo o han dejado su último empleo hace 3 años o más;1996TIV;22,18
mujeres;de 20 a 24;parados que buscan primer empleo o han dejado su último empleo hace 3 años o más;1996TIII;22,27
mujeres;de 20 a 24;parados que buscan primer empleo o han dejado su último empleo hace 3 años o más;1996TII;21,96
mujeres;de 20 a 24;parados que buscan primer empleo o han dejado su último empleo hace 3 años o más;1996TI;23,46
mujeres;de 25 a 54;Total;2001TIV;69,89
mujeres;de 25 a 54;Total;2001TIII;68,66
mujeres;de 25 a 54;Total;2001TII;70,18
mujeres;de 25 a 54;Total;2001TI;70,60
mujeres;de 25 a 54;Total;2000TIV;70,38
mujeres;de 25 a 54;Total;2000TIII;71,09
mujeres;de 25 a 54;Total;2000TII;71,23
mujeres;de 25 a 54;Total;2000TI;70,67
mujeres;de 25 a 54;Total;1999TIV;70,19
mujeres;de 25 a 54;Total;1999TIII;69,85
mujeres;de 25 a 54;Total;1999TII;70,41
mujeres;de 25 a 54;Total;1999TI;70,35
mujeres;de 25 a 54;Total;1998TIV;69,58
mujeres;de 25 a 54;Total;1998TIII;69,53
mujeres;de 25 a 54;Total;1998TII;69,53
mujeres;de 25 a 54;Total;1998TI;68,77
mujeres;de 25 a 54;Total;1997TIV;68,21
mujeres;de 25 a 54;Total;1997TIII;67,73
mujeres;de 25 a 54;Total;1997TII;68,14
mujeres;de 25 a 54;Total;1997TI;67,67
mujeres;de 25 a 54;Total;1996TIV;66,84
mujeres;de 25 a 54;Total;1996TIII;65,66
mujeres;de 25 a 54;Total;1996TII;67,03
mujeres;de 25 a 54;Total;1996TI;65,97
mujeres;de 25 a 54;agricultura;2001TIV;71,51
mujeres;de 25 a 54;agricultura;2001TIII;74,36
mujeres;de 25 a 54;agricultura;2001TII;72,10
mujeres;de 25 a 54;agricultura;2001TI;72,29
mujeres;de 25 a 54;agricultura;2000TIV;70,47
mujeres;de 25 a 54;agricultura;2000TIII;74,19
mujeres;de 25 a 54;agricultura;2000TII;72,00
mujeres;de 25 a 54;agricultura;2000TI;74,85
mujeres;de 25 a 54;agricultura;1999TIV;71,80
mujeres;de 25 a 54;agricultura;1999TIII;73,01
mujeres;de 25 a 54;agricultura;1999TII;72,26
mujeres;de 25 a 54;agricultura;1999TI;77,29
mujeres;de 25 a 54;agricultura;1998TIV;74,43
mujeres;de 25 a 54;agricultura;1998TIII;72,49
mujeres;de 25 a 54;agricultura;1998TII;71,07
mujeres;de 25 a 54;agricultura;1998TI;71,60
mujeres;de 25 a 54;agricultura;1997TIV;72,66
mujeres;de 25 a 54;agricultura;1997TIII;69,16
mujeres;de 25 a 54;agricultura;1997TII;68,79
mujeres;de 25 a 54;agricultura;1997TI;69,83
mujeres;de 25 a 54;agricultura;1996TIV;69,59
mujeres;de 25 a 54;agricultura;1996TIII;67,13
mujeres;de 25 a 54;agricultura;1996TII;69,62
mujeres;de 25 a 54;agricultura;1996TI;67,41
mujeres;de 25 a 54;industria;2001TIV;72,44
mujeres;de 25 a 54;industria;2001TIII;68,75
mujeres;de 25 a 54;industria;2001TII;73,94
mujeres;de 25 a 54;industria;2001TI;70,66
mujeres;de 25 a 54;industria;2000TIV;72,29
mujeres;de 25 a 54;industria;2000TIII;68,35
mujeres;de 25 a 54;industria;2000TII;68,35
mujeres;de 25 a 54;industria;2000TI;69,28
mujeres;de 25 a 54;industria;1999TIV;69,79
mujeres;de 25 a 54;industria;1999TIII;72,78
mujeres;de 25 a 54;industria;1999TII;75,57
mujeres;de 25 a 54;industria;1999TI;71,47
mujeres;de 25 a 54;industria;1998TIV;75,72
mujeres;de 25 a 54;industria;1998TIII;75,16
mujeres;de 25 a 54;industria;1998TII;70,59
mujeres;de 25 a 54;industria;1998TI;69,18
mujeres;de 25 a 54;industria;1997TIV;72,06
mujeres;de 25 a 54;industria;1997TIII;71,24
mujeres;de 25 a 54;industria;1997TII;71,89
mujeres;de 25 a 54;industria;1997TI;70,90
mujeres;de 25 a 54;industria;1996TIV;65,26
mujeres;de 25 a 54;industria;1996TIII;64,46
mujeres;de 25 a 54;industria;1996TII;65,64
mujeres;de 25 a 54;industria;1996TI;61,96
mujeres;de 25 a 54;construcción;2001TIV;79,60
mujeres;de 25 a 54;construcción;2001TIII;86,86
mujeres;de 25 a 54;construcción;2001TII;68,00
mujeres;de 25 a 54;construcción;2001TI;77,77
mujeres;de 25 a 54;construcción;2000TIV;69,54
mujeres;de 25 a 54;construcción;2000TIII;78,15
mujeres;de 25 a 54;construcción;2000TII;87,63
mujeres;de 25 a 54;construcción;2000TI;83,68
mujeres;de 25 a 54;construcción;1999TIV;85,65
mujeres;de 25 a 54;construcción;1999TIII;83,96
mujeres;de 25 a 54;construcción;1999TII;84,13
mujeres;de 25 a 54;construcción;1999TI;79,45
mujeres;de 25 a 54;construcción;1998TIV;77,07
mujeres;de 25 a 54;construcción;1998TIII;83,39
mujeres;de 25 a 54;construcción;1998TII;80,31
mujeres;de 25 a 54;construcción;1998TI;82,21
mujeres;de 25 a 54;construcción;1997TIV;78,72
mujeres;de 25 a 54;construcción;1997TIII;74,25
mujeres;de 25 a 54;construcción;1997TII;75,08
mujeres;de 25 a 54;construcción;1997TI;72,07
mujeres;de 25 a 54;construcción;1996TIV;77,92
mujeres;de 25 a 54;construcción;1996TIII;67,73
mujeres;de 25 a 54;construcción;1996TII;73,70
mujeres;de 25 a 54;construcción;1996TI;61,87
mujeres;de 25 a 54;servicios;2001TIV;73,09
mujeres;de 25 a 54;servicios;2001TIII;71,80
mujeres;de 25 a 54;servicios;2001TII;72,36
mujeres;de 25 a 54;servicios;2001TI;72,24
mujeres;de 25 a 54;servicios;2000TIV;73,19
mujeres;de 25 a 54;servicios;2000TIII;73,97
mujeres;de 25 a 54;servicios;2000TII;73,37
mujeres;de 25 a 54;servicios;2000TI;72,60
mujeres;de 25 a 54;servicios;1999TIV;73,64
mujeres;de 25 a 54;servicios;1999TIII;74,35
mujeres;de 25 a 54;servicios;1999TII;73,45
mujeres;de 25 a 54;servicios;1999TI;71,44
mujeres;de 25 a 54;servicios;1998TIV;71,95
mujeres;de 25 a 54;servicios;1998TIII;72,15
mujeres;de 25 a 54;servicios;1998TII;71,87
mujeres;de 25 a 54;servicios;1998TI;70,81
mujeres;de 25 a 54;servicios;1997TIV;70,77
mujeres;de 25 a 54;servicios;1997TIII;70,67
mujeres;de 25 a 54;servicios;1997TII;70,14
mujeres;de 25 a 54;servicios;1997TI;70,54
mujeres;de 25 a 54;servicios;1996TIV;70,84
mujeres;de 25 a 54;servicios;1996TIII;69,42
mujeres;de 25 a 54;servicios;1996TII;70,27
mujeres;de 25 a 54;servicios;1996TI;70,08
mujeres;de 25 a 54;parados que buscan primer empleo o han dejado su último empleo hace 3 años o más;2001TIV;64,81
mujeres;de 25 a 54;parados que buscan primer empleo o han dejado su último empleo hace 3 años o más;2001TIII;63,58
mujeres;de 25 a 54;parados que buscan primer empleo o han dejado su último empleo hace 3 años o más;2001TII;66,52
mujeres;de 25 a 54;parados que buscan primer empleo o han dejado su último empleo hace 3 años o más;2001TI;68,16
mujeres;de 25 a 54;parados que buscan primer empleo o han dejado su último empleo hace 3 años o más;2000TIV;67,23
mujeres;de 25 a 54;parados que buscan primer empleo o han dejado su último empleo hace 3 años o más;2000TIII;68,23
mujeres;de 25 a 54;parados que buscan primer empleo o han dejado su último empleo hace 3 años o más;2000TII;69,12
mujeres;de 25 a 54;parados que buscan primer empleo o han dejado su último empleo hace 3 años o más;2000TI;68,22
mujeres;de 25 a 54;parados que buscan primer empleo o han dejado su último empleo hace 3 años o más;1999TIV;66,81
mujeres;de 25 a 54;parados que buscan primer empleo o han dejado su último empleo hace 3 años o más;1999TIII;65,19
mujeres;de 25 a 54;parados que buscan primer empleo o han dejado su último empleo hace 3 años o más;1999TII;66,87
mujeres;de 25 a 54;parados que buscan primer empleo o han dejado su último empleo hace 3 años o más;1999TI;68,40
mujeres;de 25 a 54;parados que buscan primer empleo o han dejado su último empleo hace 3 años o más;1998TIV;66,55
mujeres;de 25 a 54;parados que buscan primer empleo o han dejado su último empleo hace 3 años o más;1998TIII;66,65
mujeres;de 25 a 54;parados que buscan primer empleo o han dejado su último empleo hace 3 años o más;1998TII;67,38
mujeres;de 25 a 54;parados que buscan primer empleo o han dejado su último empleo hace 3 años o más;1998TI;66,82
mujeres;de 25 a 54;parados que buscan primer empleo o han dejado su último empleo hace 3 años o más;1997TIV;65,39
mujeres;de 25 a 54;parados que buscan primer empleo o han dejado su último empleo hace 3 años o más;1997TIII;65,17
mujeres;de 25 a 54;parados que buscan primer empleo o han dejado su último empleo hace 3 años o más;1997TII;66,16
mujeres;de 25 a 54;parados que buscan primer empleo o han dejado su último empleo hace 3 años o más;1997TI;65,03
mujeres;de 25 a 54;parados que buscan primer empleo o han dejado su último empleo hace 3 años o más;1996TIV;63,85
mujeres;de 25 a 54;parados que buscan primer empleo o han dejado su último empleo hace 3 años o más;1996TIII;63,23
mujeres;de 25 a 54;parados que buscan primer empleo o han dejado su último empleo hace 3 años o más;1996TII;64,69
mujeres;de 25 a 54;parados que buscan primer empleo o han dejado su último empleo hace 3 años o más;1996TI;63,71
mujeres;de 55 y más;Total;2001TIV;4,10
mujeres;de 55 y más;Total;2001TIII;4,37
mujeres;de 55 y más;Total;2001TII;3,83
mujeres;de 55 y más;Total;2001TI;3,40
mujeres;de 55 y más;Total;2000TIV;4,13
mujeres;de 55 y más;Total;2000TIII;3,71
mujeres;de 55 y más;Total;2000TII;3,73
mujeres;de 55 y más;Total;2000TI;3,33
mujeres;de 55 y más;Total;1999TIV;3,31
mujeres;de 55 y más;Total;1999TIII;3,26
mujeres;de 55 y más;Total;1999TII;3,19
mujeres;de 55 y más;Total;1999TI;2,64
mujeres;de 55 y más;Total;1998TIV;2,95
mujeres;de 55 y más;Total;1998TIII;3,04
mujeres;de 55 y más;Total;1998TII;3,08
mujeres;de 55 y más;Total;1998TI;3,16
mujeres;de 55 y más;Total;1997TIV;3,08
mujeres;de 55 y más;Total;1997TIII;3,25
mujeres;de 55 y más;Total;1997TII;3,18
mujeres;de 55 y más;Total;1997TI;2,86
mujeres;de 55 y más;Total;1996TIV;2,82
mujeres;de 55 y más;Total;1996TIII;2,90
mujeres;de 55 y más;Total;1996TII;2,88
mujeres;de 55 y más;Total;1996TI;2,51
mujeres;de 55 y más;agricultura;2001TIV;10,67
mujeres;de 55 y más;agricultura;2001TIII;9,48
mujeres;de 55 y más;agricultura;2001TII;8,48
mujeres;de 55 y más;agricultura;2001TI;7,89
mujeres;de 55 y más;agricultura;2000TIV;9,42
mujeres;de 55 y más;agricultura;2000TIII;9,01
mujeres;de 55 y más;agricultura;2000TII;8,03
mujeres;de 55 y más;agricultura;2000TI;7,55
mujeres;de 55 y más;agricultura;1999TIV;9,98
mujeres;de 55 y más;agricultura;1999TIII;8,34
mujeres;de 55 y más;agricultura;1999TII;9,75
mujeres;de 55 y más;agricultura;1999TI;5,91
mujeres;de 55 y más;agricultura;1998TIV;6,73
mujeres;de 55 y más;agricultura;1998TIII;7,34
mujeres;de 55 y más;agricultura;1998TII;9,35
mujeres;de 55 y más;agricultura;1998TI;9,99
mujeres;de 55 y más;agricultura;1997TIV;8,94
mujeres;de 55 y más;agricultura;1997TIII;8,83
mujeres;de 55 y más;agricultura;1997TII;6,98
mujeres;de 55 y más;agricultura;1997TI;6,11
mujeres;de 55 y más;agricultura;1996TIV;7,71
mujeres;de 55 y más;agricultura;1996TIII;7,38
mujeres;de 55 y más;agricultura;1996TII;9,74
mujeres;de 55 y más;agricultura;1996TI;6,91
mujeres;de 55 y más;industria;2001TIV;4,37
mujeres;de 55 y más;industria;2001TIII;5,08
mujeres;de 55 y más;industria;2001TII;1,29
mujeres;de 55 y más;industria;2001TI;1,85
mujeres;de 55 y más;industria;2000TIV;2,78
mujeres;de 55 y más;industria;2000TIII;2,74
mujeres;de 55 y más;industria;2000TII;4,25
mujeres;de 55 y más;industria;2000TI;4,49
mujeres;de 55 y más;industria;1999TIV;3,70
mujeres;de 55 y más;industria;1999TIII;2,34
mujeres;de 55 y más;industria;1999TII;1,26
mujeres;de 55 y más;industria;1999TI;1,29
mujeres;de 55 y más;industria;1998TIV;1,75
mujeres;de 55 y más;industria;1998TIII;0,82
mujeres;de 55 y más;industria;1998TII;2,18
mujeres;de 55 y más;industria;1998TI;2,21
mujeres;de 55 y más;industria;1997TIV;1,90
mujeres;de 55 y más;industria;1997TIII;3,64
mujeres;de 55 y más;industria;1997TII;3,28
mujeres;de 55 y más;industria;1997TI;3,39
mujeres;de 55 y más;industria;1996TIV;2,69
mujeres;de 55 y más;industria;1996TIII;2,04
mujeres;de 55 y más;industria;1996TII;1,77
mujeres;de 55 y más;industria;1996TI;2,66
mujeres;de 55 y más;construcción;2001TIV;2,34
mujeres;de 55 y más;construcción;2001TIII;0,00
mujeres;de 55 y más;construcción;2001TII;4,30
mujeres;de 55 y más;construcción;2001TI;3,26
mujeres;de 55 y más;construcción;2000TIV;12,06
mujeres;de 55 y más;construcción;2000TIII;8,34
mujeres;de 55 y más;construcción;2000TII;3,19
mujeres;de 55 y más;construcción;2000TI;5,56
mujeres;de 55 y más;construcción;1999TIV;3,00
mujeres;de 55 y más;construcción;1999TIII;3,70
mujeres;de 55 y más;construcción;1999TII;9,15
mujeres;de 55 y más;construcción;1999TI;7,95
mujeres;de 55 y más;construcción;1998TIV;8,41
mujeres;de 55 y más;construcción;1998TIII;6,87
mujeres;de 55 y más;construcción;1998TII;3,31
mujeres;de 55 y más;construcción;1998TI;4,94
mujeres;de 55 y más;construcción;1997TIV;7,14
mujeres;de 55 y más;construcción;1997TIII;11,86
mujeres;de 55 y más;construcción;1997TII;6,96
mujeres;de 55 y más;construcción;1997TI;7,33
mujeres;de 55 y más;construcción;1996TIV;5,59
mujeres;de 55 y más;construcción;1996TIII;5,81
mujeres;de 55 y más;construcción;1996TII;2,68
mujeres;de 55 y más;construcción;1996TI;6,06
mujeres;de 55 y más;servicios;2001TIV;2,96
mujeres;de 55 y más;servicios;2001TIII;3,46
mujeres;de 55 y más;servicios;2001TII;3,18
mujeres;de 55 y más;servicios;2001TI;2,65
mujeres;de 55 y más;servicios;2000TIV;3,22
mujeres;de 55 y más;servicios;2000TIII;2,71
mujeres;de 55 y más;servicios;2000TII;2,46
mujeres;de 55 y más;servicios;2000TI;2,18
mujeres;de 55 y más;servicios;1999TIV;2,03
mujeres;de 55 y más;servicios;1999TIII;2,28
mujeres;de 55 y más;servicios;1999TII;2,33
mujeres;de 55 y más;servicios;1999TI;1,97
mujeres;de 55 y más;servicios;1998TIV;2,26
mujeres;de 55 y más;servicios;1998TIII;2,55
mujeres;de 55 y más;servicios;1998TII;2,53
mujeres;de 55 y más;servicios;1998TI;2,73
mujeres;de 55 y más;servicios;1997TIV;2,79
mujeres;de 55 y más;servicios;1997TIII;2,87
mujeres;de 55 y más;servicios;1997TII;2,71
mujeres;de 55 y más;servicios;1997TI;2,12
mujeres;de 55 y más;servicios;1996TIV;2,17
mujeres;de 55 y más;servicios;1996TIII;2,37
mujeres;de 55 y más;servicios;1996TII;2,12
mujeres;de 55 y más;servicios;1996TI;1,89
mujeres;de 55 y más;parados que buscan primer empleo o han dejado su último empleo hace 3 años o más;2001TIV;4,22
mujeres;de 55 y más;parados que buscan primer empleo o han dejado su último empleo hace 3 años o más;2001TIII;4,40
mujeres;de 55 y más;parados que buscan primer empleo o han dejado su último empleo hace 3 años o más;2001TII;4,22
mujeres;de 55 y más;parados que buscan primer empleo o han dejado su último empleo hace 3 años o más;2001TI;3,89
mujeres;de 55 y más;parados que buscan primer empleo o han dejado su último empleo hace 3 años o más;2000TIV;4,22
mujeres;de 55 y más;parados que buscan primer empleo o han dejado su último empleo hace 3 años o más;2000TIII;3,69
mujeres;de 55 y más;parados que buscan primer empleo o han dejado su último empleo hace 3 años o más;2000TII;4,09
mujeres;de 55 y más;parados que buscan primer empleo o han dejado su último empleo hace 3 años o más;2000TI;3,54
mujeres;de 55 y más;parados que buscan primer empleo o han dejado su último empleo hace 3 años o más;1999TIV;3,34
mujeres;de 55 y más;parados que buscan primer empleo o han dejado su último empleo hace 3 años o más;1999TIII;3,45
mujeres;de 55 y más;parados que buscan primer empleo o han dejado su último empleo hace 3 años o más;1999TII;3,24
mujeres;de 55 y más;parados que buscan primer empleo o han dejado su último empleo hace 3 años o más;1999TI;2,86
mujeres;de 55 y más;parados que buscan primer empleo o han dejado su último empleo hace 3 años o más;1998TIV;3,05
mujeres;de 55 y más;parados que buscan primer empleo o han dejado su último empleo hace 3 años o más;1998TIII;3,05
mujeres;de 55 y más;parados que buscan primer empleo o han dejado su último empleo hace 3 años o más;1998TII;2,87
mujeres;de 55 y más;parados que buscan primer empleo o han dejado su último empleo hace 3 años o más;1998TI;2,89
mujeres;de 55 y más;parados que buscan primer empleo o han dejado su último empleo hace 3 años o más;1997TIV;2,60
mujeres;de 55 y más;parados que buscan primer empleo o han dejado su último empleo hace 3 años o más;1997TIII;2,62
mujeres;de 55 y más;parados que buscan primer empleo o han dejado su último empleo hace 3 años o más;1997TII;2,96
mujeres;de 55 y más;parados que buscan primer empleo o han dejado su último empleo hace 3 años o más;1997TI;2,93
mujeres;de 55 y más;parados que buscan primer empleo o han dejado su último empleo hace 3 años o más;1996TIV;2,72
mujeres;de 55 y más;parados que buscan primer empleo o han dejado su último empleo hace 3 años o más;1996TIII;2,86
mujeres;de 55 y más;parados que buscan primer empleo o han dejado su último empleo hace 3 años o más;1996TII;2,88
mujeres;de 55 y más;parados que buscan primer empleo o han dejado su último empleo hace 3 años o más;1996TI;2,49
