Sexo;Grupo de edad (5);Periodo;Total
ambos sexos;total;1995TIV;15.493,8
ambos sexos;total;1995TIII;15.420,7
ambos sexos;total;1995TII;15.495,1
ambos sexos;total;1995TI;15.438,1
ambos sexos;total;1994TIV;15.381,7
ambos sexos;total;1994TIII;15.318,9
ambos sexos;total;1994TII;15.273,2
ambos sexos;total;1994TI;15.272,1
ambos sexos;total;1993TIV;15.199,1
ambos sexos;total;1993TIII;15.179,2
ambos sexos;total;1993TII;15.246,9
ambos sexos;total;1993TI;15.272,3
ambos sexos;total;1992TIV;15.157,7
ambos sexos;total;1992TIII;15.081,7
ambos sexos;total;1992TII;15.100,0
ambos sexos;total;1992TI;15.043,4
ambos sexos;total;1991TIV;14.920,1
ambos sexos;total;1991TIII;14.822,5
ambos sexos;total;1991TII;14.899,5
ambos sexos;total;1991TI;14.829,0
ambos sexos;total;1990TIV;14.738,3
ambos sexos;total;1990TIII;14.742,7
ambos sexos;total;1990TII;14.767,8
ambos sexos;total;1990TI;14.716,4
ambos sexos;total;1989TIV;14.705,7
ambos sexos;total;1989TIII;14.647,5
ambos sexos;total;1989TII;14.675,4
ambos sexos;total;1989TI;14.596,3
ambos sexos;total;1988TIV;14.539,4
ambos sexos;total;1988TIII;14.376,6
ambos sexos;total;1988TII;14.431,5
ambos sexos;total;1988TI;14.287,9
ambos sexos;total;1987TIV;14.238,9
ambos sexos;total;1987TIII;14.231,8
ambos sexos;total;1987TII;14.371,6
ambos sexos;total;1987TI;14.507,8
ambos sexos;total;1986TIV;14.496,1
ambos sexos;total;1986TIII;14.512,4
ambos sexos;total;1986TII;14.498,2
ambos sexos;total;1986TI;14.428,1
ambos sexos;total;1985TIV;14.378,6
ambos sexos;total;1985TIII;14.347,3
ambos sexos;total;1985TII;14.307,0
ambos sexos;total;1985TI;14.155,9
ambos sexos;total;1984TIV;14.051,7
ambos sexos;total;1984TIII;14.011,5
ambos sexos;total;1984TII;13.994,0
ambos sexos;total;1984TI;13.853,2
ambos sexos;total;1983TIV;13.716,7
ambos sexos;total;1983TIII;13.676,2
ambos sexos;total;1983TII;13.720,4
ambos sexos;total;1983TI;13.637,8
ambos sexos;total;1982TIV;13.538,6
ambos sexos;total;1982TIII;13.504,9
ambos sexos;total;1982TII;13.553,6
ambos sexos;total;1982TI;13.465,4
ambos sexos;total;1981TIV;13.362,7
ambos sexos;total;1981TIII;13.332,5
ambos sexos;total;1981TII;13.323,8
ambos sexos;total;1981TI;13.209,5
ambos sexos;total;1980TIV;13.109,1
ambos sexos;total;1980TIII;13.043,7
ambos sexos;total;1980TII;12.986,0
ambos sexos;total;1980TI;12.828,8
ambos sexos;total;1979TIV;12.726,6
ambos sexos;total;1979TIII;12.680,4
ambos sexos;total;1979TII;12.698,0
ambos sexos;total;1979TI;12.544,4
ambos sexos;total;1978TIV;12.478,7
ambos sexos;total;1978TIII;12.415,0
ambos sexos;total;1978TII;12.402,1
ambos sexos;total;1978TI;12.246,1
ambos sexos;total;1977TIV;12.157,0
ambos sexos;total;1977TIII;12.131,8
ambos sexos;total;1977TII;12.147,8
ambos sexos;total;1977TI;12.005,0
ambos sexos;total;1976TIV;11.904,3
ambos sexos;total;1976TIII;11.811,8
ambos sexos;de 16 a 19 años;1995TIV;1.829,7
ambos sexos;de 16 a 19 años;1995TIII;1.787,1
ambos sexos;de 16 a 19 años;1995TII;1.839,3
ambos sexos;de 16 a 19 años;1995TI;1.827,5
ambos sexos;de 16 a 19 años;1994TIV;1.829,4
ambos sexos;de 16 a 19 años;1994TIII;1.786,6
ambos sexos;de 16 a 19 años;1994TII;1.811,6
ambos sexos;de 16 a 19 años;1994TI;1.811,0
ambos sexos;de 16 a 19 años;1993TIV;1.796,6
ambos sexos;de 16 a 19 años;1993TIII;1.784,6
ambos sexos;de 16 a 19 años;1993TII;1.819,2
ambos sexos;de 16 a 19 años;1993TI;1.816,7
ambos sexos;de 16 a 19 años;1992TIV;1.792,4
ambos sexos;de 16 a 19 años;1992TIII;1.744,9
ambos sexos;de 16 a 19 años;1992TII;1.775,4
ambos sexos;de 16 a 19 años;1992TI;1.746,8
ambos sexos;de 16 a 19 años;1991TIV;1.747,8
ambos sexos;de 16 a 19 años;1991TIII;1.706,7
ambos sexos;de 16 a 19 años;1991TII;1.743,9
ambos sexos;de 16 a 19 años;1991TI;1.724,6
ambos sexos;de 16 a 19 años;1990TIV;1.684,9
ambos sexos;de 16 a 19 años;1990TIII;1.647,2
ambos sexos;de 16 a 19 años;1990TII;1.674,4
ambos sexos;de 16 a 19 años;1990TI;1.666,8
ambos sexos;de 16 a 19 años;1989TIV;1.653,5
ambos sexos;de 16 a 19 años;1989TIII;1.612,6
ambos sexos;de 16 a 19 años;1989TII;1.630,9
ambos sexos;de 16 a 19 años;1989TI;1.591,6
ambos sexos;de 16 a 19 años;1988TIV;1.558,7
ambos sexos;de 16 a 19 años;1988TIII;1.498,5
ambos sexos;de 16 a 19 años;1988TII;1.531,1
ambos sexos;de 16 a 19 años;1988TI;1.511,4
ambos sexos;de 16 a 19 años;1987TIV;1.487,0
ambos sexos;de 16 a 19 años;1987TIII;1.476,5
ambos sexos;de 16 a 19 años;1987TII;1.510,8
ambos sexos;de 16 a 19 años;1987TI;1.573,3
ambos sexos;de 16 a 19 años;1986TIV;1.587,2
ambos sexos;de 16 a 19 años;1986TIII;1.609,0
ambos sexos;de 16 a 19 años;1986TII;1.618,4
ambos sexos;de 16 a 19 años;1986TI;1.591,8
ambos sexos;de 16 a 19 años;1985TIV;1.570,5
ambos sexos;de 16 a 19 años;1985TIII;1.551,6
ambos sexos;de 16 a 19 años;1985TII;1.568,9
ambos sexos;de 16 a 19 años;1985TI;1.518,9
ambos sexos;de 16 a 19 años;1984TIV;1.494,5
ambos sexos;de 16 a 19 años;1984TIII;1.480,3
ambos sexos;de 16 a 19 años;1984TII;1.512,7
ambos sexos;de 16 a 19 años;1984TI;1.491,6
ambos sexos;de 16 a 19 años;1983TIV;1.468,3
ambos sexos;de 16 a 19 años;1983TIII;1.466,8
ambos sexos;de 16 a 19 años;1983TII;1.494,5
ambos sexos;de 16 a 19 años;1983TI;1.465,7
ambos sexos;de 16 a 19 años;1982TIV;1.415,6
ambos sexos;de 16 a 19 años;1982TIII;1.419,1
ambos sexos;de 16 a 19 años;1982TII;1.436,4
ambos sexos;de 16 a 19 años;1982TI;1.410,3
ambos sexos;de 16 a 19 años;1981TIV;1.384,6
ambos sexos;de 16 a 19 años;1981TIII;1.367,8
ambos sexos;de 16 a 19 años;1981TII;1.401,5
ambos sexos;de 16 a 19 años;1981TI;1.353,1
ambos sexos;de 16 a 19 años;1980TIV;1.325,8
ambos sexos;de 16 a 19 años;1980TIII;1.311,7
ambos sexos;de 16 a 19 años;1980TII;1.299,5
ambos sexos;de 16 a 19 años;1980TI;1.255,1
ambos sexos;de 16 a 19 años;1979TIV;1.228,6
ambos sexos;de 16 a 19 años;1979TIII;1.212,9
ambos sexos;de 16 a 19 años;1979TII;1.233,0
ambos sexos;de 16 a 19 años;1979TI;1.189,4
ambos sexos;de 16 a 19 años;1978TIV;1.160,3
ambos sexos;de 16 a 19 años;1978TIII;1.139,5
ambos sexos;de 16 a 19 años;1978TII;1.159,7
ambos sexos;de 16 a 19 años;1978TI;1.109,8
ambos sexos;de 16 a 19 años;1977TIV;1.078,4
ambos sexos;de 16 a 19 años;1977TIII;1.059,8
ambos sexos;de 16 a 19 años;1977TII;1.096,6
ambos sexos;de 16 a 19 años;1977TI;1.054,9
ambos sexos;de 16 a 19 años;1976TIV;1.037,4
ambos sexos;de 16 a 19 años;1976TIII;1.026,6
ambos sexos;de 20 a 24 años;1995TIV;1.236,9
ambos sexos;de 20 a 24 años;1995TIII;1.203,9
ambos sexos;de 20 a 24 años;1995TII;1.241,2
ambos sexos;de 20 a 24 años;1995TI;1.216,8
ambos sexos;de 20 a 24 años;1994TIV;1.191,6
ambos sexos;de 20 a 24 años;1994TIII;1.167,2
ambos sexos;de 20 a 24 años;1994TII;1.163,7
ambos sexos;de 20 a 24 años;1994TI;1.159,6
ambos sexos;de 20 a 24 años;1993TIV;1.151,2
ambos sexos;de 20 a 24 años;1993TIII;1.135,8
ambos sexos;de 20 a 24 años;1993TII;1.175,7
ambos sexos;de 20 a 24 años;1993TI;1.164,0
ambos sexos;de 20 a 24 años;1992TIV;1.127,4
ambos sexos;de 20 a 24 años;1992TIII;1.103,7
ambos sexos;de 20 a 24 años;1992TII;1.113,7
ambos sexos;de 20 a 24 años;1992TI;1.097,0
ambos sexos;de 20 a 24 años;1991TIV;1.049,0
ambos sexos;de 20 a 24 años;1991TIII;1.016,8
ambos sexos;de 20 a 24 años;1991TII;1.053,4
ambos sexos;de 20 a 24 años;1991TI;1.031,5
ambos sexos;de 20 a 24 años;1990TIV;992,5
ambos sexos;de 20 a 24 años;1990TIII;987,8
ambos sexos;de 20 a 24 años;1990TII;989,2
ambos sexos;de 20 a 24 años;1990TI;996,4
ambos sexos;de 20 a 24 años;1989TIV;977,9
ambos sexos;de 20 a 24 años;1989TIII;961,9
ambos sexos;de 20 a 24 años;1989TII;991,0
ambos sexos;de 20 a 24 años;1989TI;950,4
ambos sexos;de 20 a 24 años;1988TIV;942,9
ambos sexos;de 20 a 24 años;1988TIII;900,5
ambos sexos;de 20 a 24 años;1988TII;961,3
ambos sexos;de 20 a 24 años;1988TI;955,0
ambos sexos;de 20 a 24 años;1987TIV;944,3
ambos sexos;de 20 a 24 años;1987TIII;938,4
ambos sexos;de 20 a 24 años;1987TII;976,9
ambos sexos;de 20 a 24 años;1987TI;1.009,2
ambos sexos;de 20 a 24 años;1986TIV;1.021,6
ambos sexos;de 20 a 24 años;1986TIII;1.022,4
ambos sexos;de 20 a 24 años;1986TII;1.045,2
ambos sexos;de 20 a 24 años;1986TI;1.038,9
ambos sexos;de 20 a 24 años;1985TIV;1.037,9
ambos sexos;de 20 a 24 años;1985TIII;1.049,3
ambos sexos;de 20 a 24 años;1985TII;1.051,3
ambos sexos;de 20 a 24 años;1985TI;1.015,5
ambos sexos;de 20 a 24 años;1984TIV;977,1
ambos sexos;de 20 a 24 años;1984TIII;986,9
ambos sexos;de 20 a 24 años;1984TII;986,9
ambos sexos;de 20 a 24 años;1984TI;947,9
ambos sexos;de 20 a 24 años;1983TIV;942,9
ambos sexos;de 20 a 24 años;1983TIII;927,8
ambos sexos;de 20 a 24 años;1983TII;952,0
ambos sexos;de 20 a 24 años;1983TI;924,3
ambos sexos;de 20 a 24 años;1982TIV;918,8
ambos sexos;de 20 a 24 años;1982TIII;922,9
ambos sexos;de 20 a 24 años;1982TII;955,4
ambos sexos;de 20 a 24 años;1982TI;936,7
ambos sexos;de 20 a 24 años;1981TIV;918,1
ambos sexos;de 20 a 24 años;1981TIII;916,6
ambos sexos;de 20 a 24 años;1981TII;914,8
ambos sexos;de 20 a 24 años;1981TI;907,3
ambos sexos;de 20 a 24 años;1980TIV;891,6
ambos sexos;de 20 a 24 años;1980TIII;886,6
ambos sexos;de 20 a 24 años;1980TII;900,4
ambos sexos;de 20 a 24 años;1980TI;871,5
ambos sexos;de 20 a 24 años;1979TIV;853,7
ambos sexos;de 20 a 24 años;1979TIII;844,4
ambos sexos;de 20 a 24 años;1979TII;875,4
ambos sexos;de 20 a 24 años;1979TI;854,3
ambos sexos;de 20 a 24 años;1978TIV;837,1
ambos sexos;de 20 a 24 años;1978TIII;819,2
ambos sexos;de 20 a 24 años;1978TII;835,6
ambos sexos;de 20 a 24 años;1978TI;820,7
ambos sexos;de 20 a 24 años;1977TIV;807,6
ambos sexos;de 20 a 24 años;1977TIII;805,7
ambos sexos;de 20 a 24 años;1977TII;818,8
ambos sexos;de 20 a 24 años;1977TI;801,0
ambos sexos;de 20 a 24 años;1976TIV;784,8
ambos sexos;de 20 a 24 años;1976TIII;787,3
ambos sexos;de 25 a 54 años;1995TIV;4.100,4
ambos sexos;de 25 a 54 años;1995TIII;4.103,8
ambos sexos;de 25 a 54 años;1995TII;4.111,1
ambos sexos;de 25 a 54 años;1995TI;4.123,4
ambos sexos;de 25 a 54 años;1994TIV;4.100,2
ambos sexos;de 25 a 54 años;1994TIII;4.140,2
ambos sexos;de 25 a 54 años;1994TII;4.121,9
ambos sexos;de 25 a 54 años;1994TI;4.145,6
ambos sexos;de 25 a 54 años;1993TIV;4.150,7
ambos sexos;de 25 a 54 años;1993TIII;4.207,0
ambos sexos;de 25 a 54 años;1993TII;4.242,4
ambos sexos;de 25 a 54 años;1993TI;4.305,3
ambos sexos;de 25 a 54 años;1992TIV;4.292,5
ambos sexos;de 25 a 54 años;1992TIII;4.333,3
ambos sexos;de 25 a 54 años;1992TII;4.328,6
ambos sexos;de 25 a 54 años;1992TI;4.332,4
ambos sexos;de 25 a 54 años;1991TIV;4.304,7
ambos sexos;de 25 a 54 años;1991TIII;4.283,1
ambos sexos;de 25 a 54 años;1991TII;4.326,1
ambos sexos;de 25 a 54 años;1991TI;4.327,0
ambos sexos;de 25 a 54 años;1990TIV;4.318,2
ambos sexos;de 25 a 54 años;1990TIII;4.386,1
ambos sexos;de 25 a 54 años;1990TII;4.423,7
ambos sexos;de 25 a 54 años;1990TI;4.437,0
ambos sexos;de 25 a 54 años;1989TIV;4.487,8
ambos sexos;de 25 a 54 años;1989TIII;4.534,9
ambos sexos;de 25 a 54 años;1989TII;4.558,8
ambos sexos;de 25 a 54 años;1989TI;4.584,8
ambos sexos;de 25 a 54 años;1988TIV;4.622,5
ambos sexos;de 25 a 54 años;1988TIII;4.607,3
ambos sexos;de 25 a 54 años;1988TII;4.603,3
ambos sexos;de 25 a 54 años;1988TI;4.558,3
ambos sexos;de 25 a 54 años;1987TIV;4.599,6
ambos sexos;de 25 a 54 años;1987TIII;4.666,2
ambos sexos;de 25 a 54 años;1987TII;4.774,1
ambos sexos;de 25 a 54 años;1987TI;4.887,0
ambos sexos;de 25 a 54 años;1986TIV;4.910,8
ambos sexos;de 25 a 54 años;1986TIII;4.964,2
ambos sexos;de 25 a 54 años;1986TII;4.977,0
ambos sexos;de 25 a 54 años;1986TI;4.988,5
ambos sexos;de 25 a 54 años;1985TIV;5.017,1
ambos sexos;de 25 a 54 años;1985TIII;5.045,6
ambos sexos;de 25 a 54 años;1985TII;5.042,3
ambos sexos;de 25 a 54 años;1985TI;5.019,6
ambos sexos;de 25 a 54 años;1984TIV;5.043,9
ambos sexos;de 25 a 54 años;1984TIII;5.060,3
ambos sexos;de 25 a 54 años;1984TII;5.061,8
ambos sexos;de 25 a 54 años;1984TI;5.043,5
ambos sexos;de 25 a 54 años;1983TIV;5.020,3
ambos sexos;de 25 a 54 años;1983TIII;5.044,0
ambos sexos;de 25 a 54 años;1983TII;5.069,1
ambos sexos;de 25 a 54 años;1983TI;5.071,9
ambos sexos;de 25 a 54 años;1982TIV;5.088,3
ambos sexos;de 25 a 54 años;1982TIII;5.094,9
ambos sexos;de 25 a 54 años;1982TII;5.134,4
ambos sexos;de 25 a 54 años;1982TI;5.142,2
ambos sexos;de 25 a 54 años;1981TIV;5.143,8
ambos sexos;de 25 a 54 años;1981TIII;5.190,2
ambos sexos;de 25 a 54 años;1981TII;5.196,5
ambos sexos;de 25 a 54 años;1981TI;5.180,6
ambos sexos;de 25 a 54 años;1980TIV;5.143,2
ambos sexos;de 25 a 54 años;1980TIII;5.137,6
ambos sexos;de 25 a 54 años;1980TII;5.112,5
ambos sexos;de 25 a 54 años;1980TI;5.066,0
ambos sexos;de 25 a 54 años;1979TIV;5.063,6
ambos sexos;de 25 a 54 años;1979TIII;5.086,7
ambos sexos;de 25 a 54 años;1979TII;5.105,5
ambos sexos;de 25 a 54 años;1979TI;5.065,6
ambos sexos;de 25 a 54 años;1978TIV;5.107,1
ambos sexos;de 25 a 54 años;1978TIII;5.112,0
ambos sexos;de 25 a 54 años;1978TII;5.100,9
ambos sexos;de 25 a 54 años;1978TI;5.045,7
ambos sexos;de 25 a 54 años;1977TIV;5.048,6
ambos sexos;de 25 a 54 años;1977TIII;5.084,7
ambos sexos;de 25 a 54 años;1977TII;5.082,1
ambos sexos;de 25 a 54 años;1977TI;5.049,6
ambos sexos;de 25 a 54 años;1976TIV;5.053,9
ambos sexos;de 25 a 54 años;1976TIII;5.031,5
ambos sexos;de 55 y más años;1995TIV;8.326,8
ambos sexos;de 55 y más años;1995TIII;8.325,9
ambos sexos;de 55 y más años;1995TII;8.303,5
ambos sexos;de 55 y más años;1995TI;8.270,4
ambos sexos;de 55 y más años;1994TIV;8.260,5
ambos sexos;de 55 y más años;1994TIII;8.225,0
ambos sexos;de 55 y más años;1994TII;8.176,0
ambos sexos;de 55 y más años;1994TI;8.156,0
ambos sexos;de 55 y más años;1993TIV;8.100,6
ambos sexos;de 55 y más años;1993TIII;8.051,8
ambos sexos;de 55 y más años;1993TII;8.009,6
ambos sexos;de 55 y más años;1993TI;7.986,3
ambos sexos;de 55 y más años;1992TIV;7.945,4
ambos sexos;de 55 y más años;1992TIII;7.899,8
ambos sexos;de 55 y más años;1992TII;7.882,3
ambos sexos;de 55 y más años;1992TI;7.867,3
ambos sexos;de 55 y más años;1991TIV;7.818,7
ambos sexos;de 55 y más años;1991TIII;7.816,0
ambos sexos;de 55 y más años;1991TII;7.776,1
ambos sexos;de 55 y más años;1991TI;7.745,9
ambos sexos;de 55 y más años;1990TIV;7.742,7
ambos sexos;de 55 y más años;1990TIII;7.721,6
ambos sexos;de 55 y más años;1990TII;7.680,5
ambos sexos;de 55 y más años;1990TI;7.616,3
ambos sexos;de 55 y más años;1989TIV;7.586,5
ambos sexos;de 55 y más años;1989TIII;7.538,2
ambos sexos;de 55 y más años;1989TII;7.494,8
ambos sexos;de 55 y más años;1989TI;7.469,5
ambos sexos;de 55 y más años;1988TIV;7.415,3
ambos sexos;de 55 y más años;1988TIII;7.370,2
ambos sexos;de 55 y más años;1988TII;7.335,9
ambos sexos;de 55 y más años;1988TI;7.263,2
ambos sexos;de 55 y más años;1987TIV;7.208,0
ambos sexos;de 55 y más años;1987TIII;7.150,7
ambos sexos;de 55 y más años;1987TII;7.109,8
ambos sexos;de 55 y más años;1987TI;7.038,2
ambos sexos;de 55 y más años;1986TIV;6.976,6
ambos sexos;de 55 y más años;1986TIII;6.916,7
ambos sexos;de 55 y más años;1986TII;6.857,7
ambos sexos;de 55 y más años;1986TI;6.808,9
ambos sexos;de 55 y más años;1985TIV;6.753,1
ambos sexos;de 55 y más años;1985TIII;6.700,8
ambos sexos;de 55 y más años;1985TII;6.644,6
ambos sexos;de 55 y más años;1985TI;6.601,9
ambos sexos;de 55 y más años;1984TIV;6.536,2
ambos sexos;de 55 y más años;1984TIII;6.484,0
ambos sexos;de 55 y más años;1984TII;6.432,5
ambos sexos;de 55 y más años;1984TI;6.370,3
ambos sexos;de 55 y más años;1983TIV;6.285,3
ambos sexos;de 55 y más años;1983TIII;6.237,7
ambos sexos;de 55 y más años;1983TII;6.204,9
ambos sexos;de 55 y más años;1983TI;6.175,9
ambos sexos;de 55 y más años;1982TIV;6.115,9
ambos sexos;de 55 y más años;1982TIII;6.067,9
ambos sexos;de 55 y más años;1982TII;6.027,4
ambos sexos;de 55 y más años;1982TI;5.976,1
ambos sexos;de 55 y más años;1981TIV;5.916,3
ambos sexos;de 55 y más años;1981TIII;5.858,0
ambos sexos;de 55 y más años;1981TII;5.810,9
ambos sexos;de 55 y más años;1981TI;5.768,4
ambos sexos;de 55 y más años;1980TIV;5.748,5
ambos sexos;de 55 y más años;1980TIII;5.707,8
ambos sexos;de 55 y más años;1980TII;5.673,6
ambos sexos;de 55 y más años;1980TI;5.636,3
ambos sexos;de 55 y más años;1979TIV;5.580,8
ambos sexos;de 55 y más años;1979TIII;5.536,3
ambos sexos;de 55 y más años;1979TII;5.484,1
ambos sexos;de 55 y más años;1979TI;5.435,1
ambos sexos;de 55 y más años;1978TIV;5.374,2
ambos sexos;de 55 y más años;1978TIII;5.344,2
ambos sexos;de 55 y más años;1978TII;5.305,9
ambos sexos;de 55 y más años;1978TI;5.269,9
ambos sexos;de 55 y más años;1977TIV;5.222,4
ambos sexos;de 55 y más años;1977TIII;5.181,6
ambos sexos;de 55 y más años;1977TII;5.150,3
ambos sexos;de 55 y más años;1977TI;5.099,5
ambos sexos;de 55 y más años;1976TIV;5.028,1
ambos sexos;de 55 y más años;1976TIII;4.966,4
varones;total;1995TIV;5.267,5
varones;total;1995TIII;5.212,2
varones;total;1995TII;5.256,5
varones;total;1995TI;5.218,7
varones;total;1994TIV;5.171,9
varones;total;1994TIII;5.105,6
varones;total;1994TII;5.056,9
varones;total;1994TI;5.018,4
varones;total;1993TIV;4.965,8
varones;total;1993TIII;4.913,5
varones;total;1993TII;4.926,4
varones;total;1993TI;4.936,8
varones;total;1992TIV;4.858,3
varones;total;1992TIII;4.762,6
varones;total;1992TII;4.789,7
varones;total;1992TI;4.744,2
varones;total;1991TIV;4.609,5
varones;total;1991TIII;4.528,0
varones;total;1991TII;4.543,3
varones;total;1991TI;4.507,3
varones;total;1990TIV;4.446,6
varones;total;1990TIII;4.423,8
varones;total;1990TII;4.442,5
varones;total;1990TI;4.391,1
varones;total;1989TIV;4.366,8
varones;total;1989TIII;4.324,9
varones;total;1989TII;4.351,1
varones;total;1989TI;4.297,5
varones;total;1988TIV;4.244,4
varones;total;1988TIII;4.183,9
varones;total;1988TII;4.208,3
varones;total;1988TI;4.153,6
varones;total;1987TIV;4.088,8
varones;total;1987TIII;4.058,9
varones;total;1987TII;4.074,7
varones;total;1987TI;3.979,2
varones;total;1986TIV;3.934,6
varones;total;1986TIII;3.922,0
varones;total;1986TII;3.895,8
varones;total;1986TI;3.860,8
varones;total;1985TIV;3.840,7
varones;total;1985TIII;3.791,7
varones;total;1985TII;3.767,9
varones;total;1985TI;3.697,8
varones;total;1984TIV;3.621,7
varones;total;1984TIII;3.586,1
varones;total;1984TII;3.571,2
varones;total;1984TI;3.523,3
varones;total;1983TIV;3.446,6
varones;total;1983TIII;3.411,0
varones;total;1983TII;3.421,9
varones;total;1983TI;3.372,3
varones;total;1982TIV;3.308,2
varones;total;1982TIII;3.278,8
varones;total;1982TII;3.271,9
varones;total;1982TI;3.209,4
varones;total;1981TIV;3.166,3
varones;total;1981TIII;3.127,8
varones;total;1981TII;3.136,5
varones;total;1981TI;3.080,1
varones;total;1980TIV;3.054,5
varones;total;1980TIII;3.009,0
varones;total;1980TII;2.997,2
varones;total;1980TI;2.928,8
varones;total;1979TIV;2.860,7
varones;total;1979TIII;2.834,3
varones;total;1979TII;2.846,0
varones;total;1979TI;2.780,7
varones;total;1978TIV;2.728,3
varones;total;1978TIII;2.667,3
varones;total;1978TII;2.680,7
varones;total;1978TI;2.610,2
varones;total;1977TIV;2.553,6
varones;total;1977TIII;2.507,4
varones;total;1977TII;2.516,8
varones;total;1977TI;2.481,6
varones;total;1976TIV;2.434,9
varones;total;1976TIII;2.390,6
varones;de 16 a 19 años;1995TIV;865,3
varones;de 16 a 19 años;1995TIII;846,2
varones;de 16 a 19 años;1995TII;878,0
varones;de 16 a 19 años;1995TI;870,2
varones;de 16 a 19 años;1994TIV;868,6
varones;de 16 a 19 años;1994TIII;840,5
varones;de 16 a 19 años;1994TII;849,8
varones;de 16 a 19 años;1994TI;848,6
varones;de 16 a 19 años;1993TIV;842,7
varones;de 16 a 19 años;1993TIII;841,0
varones;de 16 a 19 años;1993TII;850,9
varones;de 16 a 19 años;1993TI;847,7
varones;de 16 a 19 años;1992TIV;833,6
varones;de 16 a 19 años;1992TIII;802,8
varones;de 16 a 19 años;1992TII;812,4
varones;de 16 a 19 años;1992TI;796,3
varones;de 16 a 19 años;1991TIV;788,0
varones;de 16 a 19 años;1991TIII;771,7
varones;de 16 a 19 años;1991TII;795,6
varones;de 16 a 19 años;1991TI;789,0
varones;de 16 a 19 años;1990TIV;778,0
varones;de 16 a 19 años;1990TIII;759,7
varones;de 16 a 19 años;1990TII;782,6
varones;de 16 a 19 años;1990TI;773,0
varones;de 16 a 19 años;1989TIV;756,2
varones;de 16 a 19 años;1989TIII;743,0
varones;de 16 a 19 años;1989TII;761,8
varones;de 16 a 19 años;1989TI;741,5
varones;de 16 a 19 años;1988TIV;722,1
varones;de 16 a 19 años;1988TIII;691,9
varones;de 16 a 19 años;1988TII;712,7
varones;de 16 a 19 años;1988TI;702,5
varones;de 16 a 19 años;1987TIV;687,3
varones;de 16 a 19 años;1987TIII;683,3
varones;de 16 a 19 años;1987TII;707,6
varones;de 16 a 19 años;1987TI;716,9
varones;de 16 a 19 años;1986TIV;719,5
varones;de 16 a 19 años;1986TIII;729,0
varones;de 16 a 19 años;1986TII;734,4
varones;de 16 a 19 años;1986TI;717,1
varones;de 16 a 19 años;1985TIV;701,8
varones;de 16 a 19 años;1985TIII;686,2
varones;de 16 a 19 años;1985TII;698,3
varones;de 16 a 19 años;1985TI;667,3
varones;de 16 a 19 años;1984TIV;653,5
varones;de 16 a 19 años;1984TIII;646,9
varones;de 16 a 19 años;1984TII;660,1
varones;de 16 a 19 años;1984TI;655,2
varones;de 16 a 19 años;1983TIV;640,2
varones;de 16 a 19 años;1983TIII;646,2
varones;de 16 a 19 años;1983TII;661,3
varones;de 16 a 19 años;1983TI;641,9
varones;de 16 a 19 años;1982TIV;611,1
varones;de 16 a 19 años;1982TIII;617,4
varones;de 16 a 19 años;1982TII;623,6
varones;de 16 a 19 años;1982TI;606,8
varones;de 16 a 19 años;1981TIV;601,0
varones;de 16 a 19 años;1981TIII;594,1
varones;de 16 a 19 años;1981TII;620,3
varones;de 16 a 19 años;1981TI;584,6
varones;de 16 a 19 años;1980TIV;573,0
varones;de 16 a 19 años;1980TIII;561,0
varones;de 16 a 19 años;1980TII;566,0
varones;de 16 a 19 años;1980TI;543,3
varones;de 16 a 19 años;1979TIV;526,0
varones;de 16 a 19 años;1979TIII;522,5
varones;de 16 a 19 años;1979TII;536,1
varones;de 16 a 19 años;1979TI;516,9
varones;de 16 a 19 años;1978TIV;499,9
varones;de 16 a 19 años;1978TIII;487,5
varones;de 16 a 19 años;1978TII;496,1
varones;de 16 a 19 años;1978TI;467,1
varones;de 16 a 19 años;1977TIV;444,4
varones;de 16 a 19 años;1977TIII;441,1
varones;de 16 a 19 años;1977TII;461,6
varones;de 16 a 19 años;1977TI;436,1
varones;de 16 a 19 años;1976TIV;433,4
varones;de 16 a 19 años;1976TIII;420,6
varones;de 20 a 24 años;1995TIV;554,9
varones;de 20 a 24 años;1995TIII;534,7
varones;de 20 a 24 años;1995TII;558,2
varones;de 20 a 24 años;1995TI;539,0
varones;de 20 a 24 años;1994TIV;527,4
varones;de 20 a 24 años;1994TIII;504,3
varones;de 20 a 24 años;1994TII;495,2
varones;de 20 a 24 años;1994TI;488,5
varones;de 20 a 24 años;1993TIV;481,0
varones;de 20 a 24 años;1993TIII;468,4
varones;de 20 a 24 años;1993TII;479,3
varones;de 20 a 24 años;1993TI;476,0
varones;de 20 a 24 años;1992TIV;460,8
varones;de 20 a 24 años;1992TIII;439,2
varones;de 20 a 24 años;1992TII;453,4
varones;de 20 a 24 años;1992TI;442,4
varones;de 20 a 24 años;1991TIV;424,7
varones;de 20 a 24 años;1991TIII;402,2
varones;de 20 a 24 años;1991TII;411,8
varones;de 20 a 24 años;1991TI;394,1
varones;de 20 a 24 años;1990TIV;375,8
varones;de 20 a 24 años;1990TIII;371,3
varones;de 20 a 24 años;1990TII;372,6
varones;de 20 a 24 años;1990TI;373,9
varones;de 20 a 24 años;1989TIV;368,7
varones;de 20 a 24 años;1989TIII;354,7
varones;de 20 a 24 años;1989TII;376,0
varones;de 20 a 24 años;1989TI;355,0
varones;de 20 a 24 años;1988TIV;352,4
varones;de 20 a 24 años;1988TIII;329,2
varones;de 20 a 24 años;1988TII;353,9
varones;de 20 a 24 años;1988TI;347,0
varones;de 20 a 24 años;1987TIV;331,1
varones;de 20 a 24 años;1987TIII;329,1
varones;de 20 a 24 años;1987TII;336,4
varones;de 20 a 24 años;1987TI;324,8
varones;de 20 a 24 años;1986TIV;323,2
varones;de 20 a 24 años;1986TIII;320,9
varones;de 20 a 24 años;1986TII;324,5
varones;de 20 a 24 años;1986TI;321,6
varones;de 20 a 24 años;1985TIV;330,4
varones;de 20 a 24 años;1985TIII;329,5
varones;de 20 a 24 años;1985TII;333,3
varones;de 20 a 24 años;1985TI;316,4
varones;de 20 a 24 años;1984TIV;294,4
varones;de 20 a 24 años;1984TIII;289,9
varones;de 20 a 24 años;1984TII;290,6
varones;de 20 a 24 años;1984TI;274,7
varones;de 20 a 24 años;1983TIV;269,4
varones;de 20 a 24 años;1983TIII;255,4
varones;de 20 a 24 años;1983TII;261,0
varones;de 20 a 24 años;1983TI;250,1
varones;de 20 a 24 años;1982TIV;252,3
varones;de 20 a 24 años;1982TIII;254,2
varones;de 20 a 24 años;1982TII;269,9
varones;de 20 a 24 años;1982TI;256,3
varones;de 20 a 24 años;1981TIV;253,4
varones;de 20 a 24 años;1981TIII;245,6
varones;de 20 a 24 años;1981TII;249,7
varones;de 20 a 24 años;1981TI;241,0
varones;de 20 a 24 años;1980TIV;246,2
varones;de 20 a 24 años;1980TIII;243,7
varones;de 20 a 24 años;1980TII;243,3
varones;de 20 a 24 años;1980TI;227,7
varones;de 20 a 24 años;1979TIV;225,8
varones;de 20 a 24 años;1979TIII;227,2
varones;de 20 a 24 años;1979TII;244,3
varones;de 20 a 24 años;1979TI;225,9
varones;de 20 a 24 años;1978TIV;214,7
varones;de 20 a 24 años;1978TIII;207,7
varones;de 20 a 24 años;1978TII;217,5
varones;de 20 a 24 años;1978TI;207,9
varones;de 20 a 24 años;1977TIV;203,0
varones;de 20 a 24 años;1977TIII;196,7
varones;de 20 a 24 años;1977TII;202,1
varones;de 20 a 24 años;1977TI;201,2
varones;de 20 a 24 años;1976TIV;188,1
varones;de 20 a 24 años;1976TIII;194,5
varones;de 25 a 54 años;1995TIV;590,6
varones;de 25 a 54 años;1995TIII;566,9
varones;de 25 a 54 años;1995TII;568,1
varones;de 25 a 54 años;1995TI;580,6
varones;de 25 a 54 años;1994TIV;560,1
varones;de 25 a 54 años;1994TIII;560,8
varones;de 25 a 54 años;1994TII;545,4
varones;de 25 a 54 años;1994TI;528,3
varones;de 25 a 54 años;1993TIV;519,4
varones;de 25 a 54 años;1993TIII;519,8
varones;de 25 a 54 años;1993TII;526,4
varones;de 25 a 54 años;1993TI;553,5
varones;de 25 a 54 años;1992TIV;533,8
varones;de 25 a 54 años;1992TIII;526,8
varones;de 25 a 54 años;1992TII;539,4
varones;de 25 a 54 años;1992TI;523,4
varones;de 25 a 54 años;1991TIV;462,9
varones;de 25 a 54 años;1991TIII;421,8
varones;de 25 a 54 años;1991TII;425,5
varones;de 25 a 54 años;1991TI;426,4
varones;de 25 a 54 años;1990TIV;409,9
varones;de 25 a 54 años;1990TIII;414,0
varones;de 25 a 54 años;1990TII;427,6
varones;de 25 a 54 años;1990TI;420,9
varones;de 25 a 54 años;1989TIV;437,5
varones;de 25 a 54 años;1989TIII;441,5
varones;de 25 a 54 años;1989TII;443,8
varones;de 25 a 54 años;1989TI;435,5
varones;de 25 a 54 años;1988TIV;423,6
varones;de 25 a 54 años;1988TIII;428,2
varones;de 25 a 54 años;1988TII;421,9
varones;de 25 a 54 años;1988TI;422,4
varones;de 25 a 54 años;1987TIV;420,1
varones;de 25 a 54 años;1987TIII;434,8
varones;de 25 a 54 años;1987TII;439,0
varones;de 25 a 54 años;1987TI;407,9
varones;de 25 a 54 años;1986TIV;396,0
varones;de 25 a 54 años;1986TIII;396,0
varones;de 25 a 54 años;1986TII;385,1
varones;de 25 a 54 años;1986TI;391,4
varones;de 25 a 54 años;1985TIV;401,1
varones;de 25 a 54 años;1985TIII;399,4
varones;de 25 a 54 años;1985TII;386,6
varones;de 25 a 54 años;1985TI;384,8
varones;de 25 a 54 años;1984TIV;387,8
varones;de 25 a 54 años;1984TIII;386,8
varones;de 25 a 54 años;1984TII;381,5
varones;de 25 a 54 años;1984TI;376,4
varones;de 25 a 54 años;1983TIV;370,0
varones;de 25 a 54 años;1983TIII;364,6
varones;de 25 a 54 años;1983TII;366,8
varones;de 25 a 54 años;1983TI;364,4
varones;de 25 a 54 años;1982TIV;365,7
varones;de 25 a 54 años;1982TIII;351,6
varones;de 25 a 54 años;1982TII;344,7
varones;de 25 a 54 años;1982TI;346,3
varones;de 25 a 54 años;1981TIV;339,3
varones;de 25 a 54 años;1981TIII;342,6
varones;de 25 a 54 años;1981TII;341,5
varones;de 25 a 54 años;1981TI;342,6
varones;de 25 a 54 años;1980TIV;342,4
varones;de 25 a 54 años;1980TIII;332,9
varones;de 25 a 54 años;1980TII;323,8
varones;de 25 a 54 años;1980TI;304,8
varones;de 25 a 54 años;1979TIV;288,9
varones;de 25 a 54 años;1979TIII;288,1
varones;de 25 a 54 años;1979TII;293,5
varones;de 25 a 54 años;1979TI;281,6
varones;de 25 a 54 años;1978TIV;284,9
varones;de 25 a 54 años;1978TIII;268,1
varones;de 25 a 54 años;1978TII;278,4
varones;de 25 a 54 años;1978TI;264,6
varones;de 25 a 54 años;1977TIV;261,3
varones;de 25 a 54 años;1977TIII;248,2
varones;de 25 a 54 años;1977TII;252,1
varones;de 25 a 54 años;1977TI;254,3
varones;de 25 a 54 años;1976TIV;257,8
varones;de 25 a 54 años;1976TIII;247,8
varones;de 55 y más años;1995TIV;3.256,7
varones;de 55 y más años;1995TIII;3.264,5
varones;de 55 y más años;1995TII;3.252,2
varones;de 55 y más años;1995TI;3.229,0
varones;de 55 y más años;1994TIV;3.215,7
varones;de 55 y más años;1994TIII;3.200,1
varones;de 55 y más años;1994TII;3.166,6
varones;de 55 y más años;1994TI;3.153,1
varones;de 55 y más años;1993TIV;3.122,6
varones;de 55 y más años;1993TIII;3.084,3
varones;de 55 y más años;1993TII;3.069,8
varones;de 55 y más años;1993TI;3.059,5
varones;de 55 y más años;1992TIV;3.030,0
varones;de 55 y más años;1992TIII;2.993,8
varones;de 55 y más años;1992TII;2.984,5
varones;de 55 y más años;1992TI;2.982,2
varones;de 55 y más años;1991TIV;2.933,9
varones;de 55 y más años;1991TIII;2.932,4
varones;de 55 y más años;1991TII;2.910,5
varones;de 55 y más años;1991TI;2.897,8
varones;de 55 y más años;1990TIV;2.882,9
varones;de 55 y más años;1990TIII;2.878,7
varones;de 55 y más años;1990TII;2.859,8
varones;de 55 y más años;1990TI;2.823,3
varones;de 55 y más años;1989TIV;2.804,4
varones;de 55 y más años;1989TIII;2.785,7
varones;de 55 y más años;1989TII;2.769,5
varones;de 55 y más años;1989TI;2.765,5
varones;de 55 y más años;1988TIV;2.746,3
varones;de 55 y más años;1988TIII;2.734,6
varones;de 55 y más años;1988TII;2.719,8
varones;de 55 y más años;1988TI;2.681,6
varones;de 55 y más años;1987TIV;2.650,3
varones;de 55 y más años;1987TIII;2.611,8
varones;de 55 y más años;1987TII;2.591,8
varones;de 55 y más años;1987TI;2.529,6
varones;de 55 y más años;1986TIV;2.495,9
varones;de 55 y más años;1986TIII;2.476,1
varones;de 55 y más años;1986TII;2.451,8
varones;de 55 y más años;1986TI;2.430,7
varones;de 55 y más años;1985TIV;2.407,3
varones;de 55 y más años;1985TIII;2.376,6
varones;de 55 y más años;1985TII;2.349,7
varones;de 55 y más años;1985TI;2.329,2
varones;de 55 y más años;1984TIV;2.286,0
varones;de 55 y más años;1984TIII;2.262,5
varones;de 55 y más años;1984TII;2.239,0
varones;de 55 y más años;1984TI;2.216,9
varones;de 55 y más años;1983TIV;2.167,1
varones;de 55 y más años;1983TIII;2.144,7
varones;de 55 y más años;1983TII;2.132,8
varones;de 55 y más años;1983TI;2.115,8
varones;de 55 y más años;1982TIV;2.079,1
varones;de 55 y más años;1982TIII;2.055,7
varones;de 55 y más años;1982TII;2.033,7
varones;de 55 y más años;1982TI;2.000,1
varones;de 55 y más años;1981TIV;1.972,5
varones;de 55 y más años;1981TIII;1.945,5
varones;de 55 y más años;1981TII;1.925,1
varones;de 55 y más años;1981TI;1.912,0
varones;de 55 y más años;1980TIV;1.892,9
varones;de 55 y más años;1980TIII;1.871,4
varones;de 55 y más años;1980TII;1.864,0
varones;de 55 y más años;1980TI;1.853,0
varones;de 55 y más años;1979TIV;1.820,0
varones;de 55 y más años;1979TIII;1.796,6
varones;de 55 y más años;1979TII;1.772,2
varones;de 55 y más años;1979TI;1.756,2
varones;de 55 y más años;1978TIV;1.728,8
varones;de 55 y más años;1978TIII;1.704,0
varones;de 55 y más años;1978TII;1.688,6
varones;de 55 y más años;1978TI;1.670,6
varones;de 55 y más años;1977TIV;1.644,9
varones;de 55 y más años;1977TIII;1.621,4
varones;de 55 y más años;1977TII;1.601,1
varones;de 55 y más años;1977TI;1.590,0
varones;de 55 y más años;1976TIV;1.555,7
varones;de 55 y más años;1976TIII;1.527,7
mujeres;total;1995TIV;10.226,3
mujeres;total;1995TIII;10.208,5
mujeres;total;1995TII;10.238,6
mujeres;total;1995TI;10.219,3
mujeres;total;1994TIV;10.209,9
mujeres;total;1994TIII;10.213,3
mujeres;total;1994TII;10.216,3
mujeres;total;1994TI;10.253,7
mujeres;total;1993TIV;10.233,3
mujeres;total;1993TIII;10.265,8
mujeres;total;1993TII;10.320,6
mujeres;total;1993TI;10.335,5
mujeres;total;1992TIV;10.299,4
mujeres;total;1992TIII;10.319,1
mujeres;total;1992TII;10.310,3
mujeres;total;1992TI;10.299,1
mujeres;total;1991TIV;10.310,6
mujeres;total;1991TIII;10.294,5
mujeres;total;1991TII;10.356,2
mujeres;total;1991TI;10.321,6
mujeres;total;1990TIV;10.291,7
mujeres;total;1990TIII;10.319,0
mujeres;total;1990TII;10.325,3
mujeres;total;1990TI;10.325,3
mujeres;total;1989TIV;10.338,9
mujeres;total;1989TIII;10.322,6
mujeres;total;1989TII;10.324,3
mujeres;total;1989TI;10.298,8
mujeres;total;1988TIV;10.295,0
mujeres;total;1988TIII;10.192,7
mujeres;total;1988TII;10.223,2
mujeres;total;1988TI;10.134,3
mujeres;total;1987TIV;10.150,1
mujeres;total;1987TIII;10.172,9
mujeres;total;1987TII;10.296,9
mujeres;total;1987TI;10.528,6
mujeres;total;1986TIV;10.561,6
mujeres;total;1986TIII;10.590,4
mujeres;total;1986TII;10.602,5
mujeres;total;1986TI;10.567,4
mujeres;total;1985TIV;10.537,9
mujeres;total;1985TIII;10.555,6
mujeres;total;1985TII;10.539,1
mujeres;total;1985TI;10.458,1
mujeres;total;1984TIV;10.430,0
mujeres;total;1984TIII;10.425,5
mujeres;total;1984TII;10.422,7
mujeres;total;1984TI;10.329,9
mujeres;total;1983TIV;10.270,1
mujeres;total;1983TIII;10.265,2
mujeres;total;1983TII;10.298,5
mujeres;total;1983TI;10.265,5
mujeres;total;1982TIV;10.230,4
mujeres;total;1982TIII;10.226,1
mujeres;total;1982TII;10.281,7
mujeres;total;1982TI;10.255,9
mujeres;total;1981TIV;10.196,5
mujeres;total;1981TIII;10.204,6
mujeres;total;1981TII;10.187,3
mujeres;total;1981TI;10.129,4
mujeres;total;1980TIV;10.054,5
mujeres;total;1980TIII;10.034,7
mujeres;total;1980TII;9.988,8
mujeres;total;1980TI;9.900,0
mujeres;total;1979TIV;9.865,9
mujeres;total;1979TIII;9.846,1
mujeres;total;1979TII;9.852,0
mujeres;total;1979TI;9.763,7
mujeres;total;1978TIV;9.750,4
mujeres;total;1978TIII;9.747,6
mujeres;total;1978TII;9.721,4
mujeres;total;1978TI;9.635,9
mujeres;total;1977TIV;9.603,4
mujeres;total;1977TIII;9.624,5
mujeres;total;1977TII;9.631,0
mujeres;total;1977TI;9.523,4
mujeres;total;1976TIV;9.469,4
mujeres;total;1976TIII;9.421,2
mujeres;de 16 a 19 años;1995TIV;964,4
mujeres;de 16 a 19 años;1995TIII;941,0
mujeres;de 16 a 19 años;1995TII;961,4
mujeres;de 16 a 19 años;1995TI;957,3
mujeres;de 16 a 19 años;1994TIV;960,8
mujeres;de 16 a 19 años;1994TIII;946,0
mujeres;de 16 a 19 años;1994TII;961,8
mujeres;de 16 a 19 años;1994TI;962,4
mujeres;de 16 a 19 años;1993TIV;953,9
mujeres;de 16 a 19 años;1993TIII;943,7
mujeres;de 16 a 19 años;1993TII;968,3
mujeres;de 16 a 19 años;1993TI;969,0
mujeres;de 16 a 19 años;1992TIV;958,8
mujeres;de 16 a 19 años;1992TIII;942,1
mujeres;de 16 a 19 años;1992TII;963,0
mujeres;de 16 a 19 años;1992TI;950,5
mujeres;de 16 a 19 años;1991TIV;959,8
mujeres;de 16 a 19 años;1991TIII;935,0
mujeres;de 16 a 19 años;1991TII;948,4
mujeres;de 16 a 19 años;1991TI;935,6
mujeres;de 16 a 19 años;1990TIV;906,9
mujeres;de 16 a 19 años;1990TIII;887,5
mujeres;de 16 a 19 años;1990TII;891,8
mujeres;de 16 a 19 años;1990TI;893,8
mujeres;de 16 a 19 años;1989TIV;897,3
mujeres;de 16 a 19 años;1989TIII;869,6
mujeres;de 16 a 19 años;1989TII;869,1
mujeres;de 16 a 19 años;1989TI;850,1
mujeres;de 16 a 19 años;1988TIV;836,5
mujeres;de 16 a 19 años;1988TIII;806,6
mujeres;de 16 a 19 años;1988TII;818,4
mujeres;de 16 a 19 años;1988TI;808,8
mujeres;de 16 a 19 años;1987TIV;799,7
mujeres;de 16 a 19 años;1987TIII;793,3
mujeres;de 16 a 19 años;1987TII;803,3
mujeres;de 16 a 19 años;1987TI;856,4
mujeres;de 16 a 19 años;1986TIV;867,6
mujeres;de 16 a 19 años;1986TIII;880,0
mujeres;de 16 a 19 años;1986TII;884,0
mujeres;de 16 a 19 años;1986TI;874,7
mujeres;de 16 a 19 años;1985TIV;868,7
mujeres;de 16 a 19 años;1985TIII;865,5
mujeres;de 16 a 19 años;1985TII;870,6
mujeres;de 16 a 19 años;1985TI;851,6
mujeres;de 16 a 19 años;1984TIV;841,0
mujeres;de 16 a 19 años;1984TIII;833,5
mujeres;de 16 a 19 años;1984TII;852,6
mujeres;de 16 a 19 años;1984TI;836,3
mujeres;de 16 a 19 años;1983TIV;828,1
mujeres;de 16 a 19 años;1983TIII;820,5
mujeres;de 16 a 19 años;1983TII;833,1
mujeres;de 16 a 19 años;1983TI;823,8
mujeres;de 16 a 19 años;1982TIV;804,5
mujeres;de 16 a 19 años;1982TIII;801,7
mujeres;de 16 a 19 años;1982TII;812,8
mujeres;de 16 a 19 años;1982TI;803,4
mujeres;de 16 a 19 años;1981TIV;783,5
mujeres;de 16 a 19 años;1981TIII;773,6
mujeres;de 16 a 19 años;1981TII;781,2
mujeres;de 16 a 19 años;1981TI;768,5
mujeres;de 16 a 19 años;1980TIV;752,7
mujeres;de 16 a 19 años;1980TIII;750,7
mujeres;de 16 a 19 años;1980TII;733,6
mujeres;de 16 a 19 años;1980TI;711,8
mujeres;de 16 a 19 años;1979TIV;702,5
mujeres;de 16 a 19 años;1979TIII;690,5
mujeres;de 16 a 19 años;1979TII;696,9
mujeres;de 16 a 19 años;1979TI;672,5
mujeres;de 16 a 19 años;1978TIV;660,5
mujeres;de 16 a 19 años;1978TIII;652,0
mujeres;de 16 a 19 años;1978TII;663,5
mujeres;de 16 a 19 años;1978TI;642,6
mujeres;de 16 a 19 años;1977TIV;634,0
mujeres;de 16 a 19 años;1977TIII;618,8
mujeres;de 16 a 19 años;1977TII;635,0
mujeres;de 16 a 19 años;1977TI;618,8
mujeres;de 16 a 19 años;1976TIV;604,1
mujeres;de 16 a 19 años;1976TIII;606,0
mujeres;de 20 a 24 años;1995TIV;682,0
mujeres;de 20 a 24 años;1995TIII;669,2
mujeres;de 20 a 24 años;1995TII;683,0
mujeres;de 20 a 24 años;1995TI;677,8
mujeres;de 20 a 24 años;1994TIV;664,1
mujeres;de 20 a 24 años;1994TIII;662,9
mujeres;de 20 a 24 años;1994TII;668,5
mujeres;de 20 a 24 años;1994TI;671,1
mujeres;de 20 a 24 años;1993TIV;670,2
mujeres;de 20 a 24 años;1993TIII;667,4
mujeres;de 20 a 24 años;1993TII;696,4
mujeres;de 20 a 24 años;1993TI;687,9
mujeres;de 20 a 24 años;1992TIV;666,5
mujeres;de 20 a 24 años;1992TIII;664,5
mujeres;de 20 a 24 años;1992TII;660,4
mujeres;de 20 a 24 años;1992TI;654,5
mujeres;de 20 a 24 años;1991TIV;624,3
mujeres;de 20 a 24 años;1991TIII;614,6
mujeres;de 20 a 24 años;1991TII;641,6
mujeres;de 20 a 24 años;1991TI;637,4
mujeres;de 20 a 24 años;1990TIV;616,7
mujeres;de 20 a 24 años;1990TIII;616,5
mujeres;de 20 a 24 años;1990TII;616,6
mujeres;de 20 a 24 años;1990TI;622,5
mujeres;de 20 a 24 años;1989TIV;609,2
mujeres;de 20 a 24 años;1989TIII;607,2
mujeres;de 20 a 24 años;1989TII;615,0
mujeres;de 20 a 24 años;1989TI;595,4
mujeres;de 20 a 24 años;1988TIV;590,6
mujeres;de 20 a 24 años;1988TIII;571,3
mujeres;de 20 a 24 años;1988TII;607,4
mujeres;de 20 a 24 años;1988TI;608,0
mujeres;de 20 a 24 años;1987TIV;613,2
mujeres;de 20 a 24 años;1987TIII;609,3
mujeres;de 20 a 24 años;1987TII;640,4
mujeres;de 20 a 24 años;1987TI;684,4
mujeres;de 20 a 24 años;1986TIV;698,5
mujeres;de 20 a 24 años;1986TIII;701,5
mujeres;de 20 a 24 años;1986TII;720,6
mujeres;de 20 a 24 años;1986TI;717,3
mujeres;de 20 a 24 años;1985TIV;707,5
mujeres;de 20 a 24 años;1985TIII;719,9
mujeres;de 20 a 24 años;1985TII;718,0
mujeres;de 20 a 24 años;1985TI;699,1
mujeres;de 20 a 24 años;1984TIV;682,7
mujeres;de 20 a 24 años;1984TIII;696,9
mujeres;de 20 a 24 años;1984TII;696,3
mujeres;de 20 a 24 años;1984TI;673,1
mujeres;de 20 a 24 años;1983TIV;673,5
mujeres;de 20 a 24 años;1983TIII;672,3
mujeres;de 20 a 24 años;1983TII;691,0
mujeres;de 20 a 24 años;1983TI;674,3
mujeres;de 20 a 24 años;1982TIV;666,5
mujeres;de 20 a 24 años;1982TIII;668,8
mujeres;de 20 a 24 años;1982TII;685,5
mujeres;de 20 a 24 años;1982TI;680,5
mujeres;de 20 a 24 años;1981TIV;664,7
mujeres;de 20 a 24 años;1981TIII;671,0
mujeres;de 20 a 24 años;1981TII;665,1
mujeres;de 20 a 24 años;1981TI;666,4
mujeres;de 20 a 24 años;1980TIV;645,5
mujeres;de 20 a 24 años;1980TIII;642,9
mujeres;de 20 a 24 años;1980TII;657,1
mujeres;de 20 a 24 años;1980TI;643,8
mujeres;de 20 a 24 años;1979TIV;627,9
mujeres;de 20 a 24 años;1979TIII;617,2
mujeres;de 20 a 24 años;1979TII;631,1
mujeres;de 20 a 24 años;1979TI;628,4
mujeres;de 20 a 24 años;1978TIV;622,4
mujeres;de 20 a 24 años;1978TIII;611,6
mujeres;de 20 a 24 años;1978TII;618,1
mujeres;de 20 a 24 años;1978TI;612,9
mujeres;de 20 a 24 años;1977TIV;604,6
mujeres;de 20 a 24 años;1977TIII;608,9
mujeres;de 20 a 24 años;1977TII;616,7
mujeres;de 20 a 24 años;1977TI;599,8
mujeres;de 20 a 24 años;1976TIV;596,8
mujeres;de 20 a 24 años;1976TIII;592,8
mujeres;de 25 a 54 años;1995TIV;3.509,8
mujeres;de 25 a 54 años;1995TIII;3.536,9
mujeres;de 25 a 54 años;1995TII;3.543,0
mujeres;de 25 a 54 años;1995TI;3.542,8
mujeres;de 25 a 54 años;1994TIV;3.540,1
mujeres;de 25 a 54 años;1994TIII;3.579,4
mujeres;de 25 a 54 años;1994TII;3.576,5
mujeres;de 25 a 54 años;1994TI;3.617,3
mujeres;de 25 a 54 años;1993TIV;3.631,3
mujeres;de 25 a 54 años;1993TIII;3.687,2
mujeres;de 25 a 54 años;1993TII;3.716,1
mujeres;de 25 a 54 años;1993TI;3.751,8
mujeres;de 25 a 54 años;1992TIV;3.758,7
mujeres;de 25 a 54 años;1992TIII;3.806,5
mujeres;de 25 a 54 años;1992TII;3.789,2
mujeres;de 25 a 54 años;1992TI;3.809,0
mujeres;de 25 a 54 años;1991TIV;3.841,8
mujeres;de 25 a 54 años;1991TIII;3.861,3
mujeres;de 25 a 54 años;1991TII;3.900,6
mujeres;de 25 a 54 años;1991TI;3.900,6
mujeres;de 25 a 54 años;1990TIV;3.908,3
mujeres;de 25 a 54 años;1990TIII;3.972,1
mujeres;de 25 a 54 años;1990TII;3.996,1
mujeres;de 25 a 54 años;1990TI;4.016,1
mujeres;de 25 a 54 años;1989TIV;4.050,3
mujeres;de 25 a 54 años;1989TIII;4.093,4
mujeres;de 25 a 54 años;1989TII;4.115,0
mujeres;de 25 a 54 años;1989TI;4.149,4
mujeres;de 25 a 54 años;1988TIV;4.199,0
mujeres;de 25 a 54 años;1988TIII;4.179,1
mujeres;de 25 a 54 años;1988TII;4.181,4
mujeres;de 25 a 54 años;1988TI;4.135,8
mujeres;de 25 a 54 años;1987TIV;4.179,5
mujeres;de 25 a 54 años;1987TIII;4.231,4
mujeres;de 25 a 54 años;1987TII;4.335,1
mujeres;de 25 a 54 años;1987TI;4.479,1
mujeres;de 25 a 54 años;1986TIV;4.514,8
mujeres;de 25 a 54 años;1986TIII;4.568,2
mujeres;de 25 a 54 años;1986TII;4.591,9
mujeres;de 25 a 54 años;1986TI;4.597,1
mujeres;de 25 a 54 años;1985TIV;4.616,0
mujeres;de 25 a 54 años;1985TIII;4.646,2
mujeres;de 25 a 54 años;1985TII;4.655,8
mujeres;de 25 a 54 años;1985TI;4.634,7
mujeres;de 25 a 54 años;1984TIV;4.656,2
mujeres;de 25 a 54 años;1984TIII;4.673,6
mujeres;de 25 a 54 años;1984TII;4.680,3
mujeres;de 25 a 54 años;1984TI;4.667,1
mujeres;de 25 a 54 años;1983TIV;4.650,3
mujeres;de 25 a 54 años;1983TIII;4.679,4
mujeres;de 25 a 54 años;1983TII;4.702,3
mujeres;de 25 a 54 años;1983TI;4.707,4
mujeres;de 25 a 54 años;1982TIV;4.722,6
mujeres;de 25 a 54 años;1982TIII;4.743,4
mujeres;de 25 a 54 años;1982TII;4.789,7
mujeres;de 25 a 54 años;1982TI;4.796,0
mujeres;de 25 a 54 años;1981TIV;4.804,5
mujeres;de 25 a 54 años;1981TIII;4.847,6
mujeres;de 25 a 54 años;1981TII;4.855,1
mujeres;de 25 a 54 años;1981TI;4.838,1
mujeres;de 25 a 54 años;1980TIV;4.800,8
mujeres;de 25 a 54 años;1980TIII;4.804,7
mujeres;de 25 a 54 años;1980TII;4.788,6
mujeres;de 25 a 54 años;1980TI;4.761,1
mujeres;de 25 a 54 años;1979TIV;4.774,7
mujeres;de 25 a 54 años;1979TIII;4.798,7
mujeres;de 25 a 54 años;1979TII;4.812,1
mujeres;de 25 a 54 años;1979TI;4.783,9
mujeres;de 25 a 54 años;1978TIV;4.822,1
mujeres;de 25 a 54 años;1978TIII;4.843,9
mujeres;de 25 a 54 años;1978TII;4.822,4
mujeres;de 25 a 54 años;1978TI;4.781,0
mujeres;de 25 a 54 años;1977TIV;4.787,3
mujeres;de 25 a 54 años;1977TIII;4.836,5
mujeres;de 25 a 54 años;1977TII;4.830,0
mujeres;de 25 a 54 años;1977TI;4.795,4
mujeres;de 25 a 54 años;1976TIV;4.796,2
mujeres;de 25 a 54 años;1976TIII;4.783,6
mujeres;de 55 y más años;1995TIV;5.070,1
mujeres;de 55 y más años;1995TIII;5.061,4
mujeres;de 55 y más años;1995TII;5.051,4
mujeres;de 55 y más años;1995TI;5.041,5
mujeres;de 55 y más años;1994TIV;5.044,8
mujeres;de 55 y más años;1994TIII;5.024,9
mujeres;de 55 y más años;1994TII;5.009,4
mujeres;de 55 y más años;1994TI;5.002,9
mujeres;de 55 y más años;1993TIV;4.978,0
mujeres;de 55 y más años;1993TIII;4.967,5
mujeres;de 55 y más años;1993TII;4.939,8
mujeres;de 55 y más años;1993TI;4.926,8
mujeres;de 55 y más años;1992TIV;4.915,4
mujeres;de 55 y más años;1992TIII;4.906,0
mujeres;de 55 y más años;1992TII;4.897,8
mujeres;de 55 y más años;1992TI;4.885,1
mujeres;de 55 y más años;1991TIV;4.884,7
mujeres;de 55 y más años;1991TIII;4.883,6
mujeres;de 55 y más años;1991TII;4.865,6
mujeres;de 55 y más años;1991TI;4.848,1
mujeres;de 55 y más años;1990TIV;4.859,8
mujeres;de 55 y más años;1990TIII;4.842,9
mujeres;de 55 y más años;1990TII;4.820,8
mujeres;de 55 y más años;1990TI;4.793,0
mujeres;de 55 y más años;1989TIV;4.782,0
mujeres;de 55 y más años;1989TIII;4.752,4
mujeres;de 55 y más años;1989TII;4.725,3
mujeres;de 55 y más años;1989TI;4.703,9
mujeres;de 55 y más años;1988TIV;4.668,9
mujeres;de 55 y más años;1988TIII;4.635,7
mujeres;de 55 y más años;1988TII;4.616,0
mujeres;de 55 y más años;1988TI;4.581,6
mujeres;de 55 y más años;1987TIV;4.557,7
mujeres;de 55 y más años;1987TIII;4.538,9
mujeres;de 55 y más años;1987TII;4.518,1
mujeres;de 55 y más años;1987TI;4.508,6
mujeres;de 55 y más años;1986TIV;4.480,7
mujeres;de 55 y más años;1986TIII;4.440,7
mujeres;de 55 y más años;1986TII;4.405,9
mujeres;de 55 y más años;1986TI;4.378,2
mujeres;de 55 y más años;1985TIV;4.345,8
mujeres;de 55 y más años;1985TIII;4.324,2
mujeres;de 55 y más años;1985TII;4.294,8
mujeres;de 55 y más años;1985TI;4.272,7
mujeres;de 55 y más años;1984TIV;4.250,1
mujeres;de 55 y más años;1984TIII;4.221,5
mujeres;de 55 y más años;1984TII;4.193,5
mujeres;de 55 y más años;1984TI;4.153,3
mujeres;de 55 y más años;1983TIV;4.118,3
mujeres;de 55 y más años;1983TIII;4.093,0
mujeres;de 55 y más años;1983TII;4.072,1
mujeres;de 55 y más años;1983TI;4.060,1
mujeres;de 55 y más años;1982TIV;4.036,8
mujeres;de 55 y más años;1982TIII;4.012,3
mujeres;de 55 y más años;1982TII;3.993,7
mujeres;de 55 y más años;1982TI;3.976,1
mujeres;de 55 y más años;1981TIV;3.943,8
mujeres;de 55 y más años;1981TIII;3.912,4
mujeres;de 55 y más años;1981TII;3.885,8
mujeres;de 55 y más años;1981TI;3.856,4
mujeres;de 55 y más años;1980TIV;3.855,5
mujeres;de 55 y más años;1980TIII;3.836,4
mujeres;de 55 y más años;1980TII;3.809,6
mujeres;de 55 y más años;1980TI;3.783,3
mujeres;de 55 y más años;1979TIV;3.760,8
mujeres;de 55 y más años;1979TIII;3.739,7
mujeres;de 55 y más años;1979TII;3.711,9
mujeres;de 55 y más años;1979TI;3.678,9
mujeres;de 55 y más años;1978TIV;3.645,4
mujeres;de 55 y más años;1978TIII;3.640,2
mujeres;de 55 y más años;1978TII;3.617,3
mujeres;de 55 y más años;1978TI;3.599,4
mujeres;de 55 y más años;1977TIV;3.577,5
mujeres;de 55 y más años;1977TIII;3.560,2
mujeres;de 55 y más años;1977TII;3.549,2
mujeres;de 55 y más años;1977TI;3.509,5
mujeres;de 55 y más años;1976TIV;3.472,3
mujeres;de 55 y más años;1976TIII;3.438,7
