Tipo de sector;Sexo;Unidad;Periodo;Total
Total;Ambos sexos;Valor absoluto;2025T4;22.463,3
Total;Ambos sexos;Valor absoluto;2025T3;22.387,1
Total;Ambos sexos;Valor absoluto;2025T2;22.268,7
Total;Ambos sexos;Valor absoluto;2025T1;21.765,4
Total;Ambos sexos;Valor absoluto;2024T4;21.857,9
Total;Ambos sexos;Valor absoluto;2024T3;21.823
Total;Ambos sexos;Valor absoluto;2024T2;21.684,7
Total;Ambos sexos;Valor absoluto;2024T1;21.250
Total;Ambos sexos;Valor absoluto;2023T4;21.389,7
Total;Ambos sexos;Valor absoluto;2023T3;21.446,5
Total;Ambos sexos;Valor absoluto;2023T2;21.258,4
Total;Ambos sexos;Valor absoluto;2023T1;20.634,2
Total;Ambos sexos;Valor absoluto;2022T4;20.640,7
Total;Ambos sexos;Valor absoluto;2022T3;20.745,4
Total;Ambos sexos;Valor absoluto;2022T2;20.607,2
Total;Ambos sexos;Valor absoluto;2022T1;20.196,7
Total;Ambos sexos;Valor absoluto;2021T4;20.274,8
Total;Ambos sexos;Valor absoluto;2021T3;20.103,3
Total;Ambos sexos;Valor absoluto;2021T2;19.716,1
Total;Ambos sexos;Valor absoluto;2021T1;19.239,6
Total;Ambos sexos;Valor absoluto;2020T4;19.344,3
Total;Ambos sexos;Valor absoluto;2020T3;19.176,9
Total;Ambos sexos;Valor absoluto;2020T2;18.607,2
Total;Ambos sexos;Valor absoluto;2020T1;19.681,3
Total;Ambos sexos;Valor absoluto;2019T4;19.966,9
Total;Ambos sexos;Valor absoluto;2019T3;19.874,3
Total;Ambos sexos;Valor absoluto;2019T2;19.804,9
Total;Ambos sexos;Valor absoluto;2019T1;19.471,1
Total;Ambos sexos;Valor absoluto;2018T4;19.564,6
Total;Ambos sexos;Valor absoluto;2018T3;19.528
Total;Ambos sexos;Valor absoluto;2018T2;19.344,1
Total;Ambos sexos;Valor absoluto;2018T1;18.874,2
Total;Ambos sexos;Valor absoluto;2017T4;18.998,4
Total;Ambos sexos;Valor absoluto;2017T3;19.049,2
Total;Ambos sexos;Valor absoluto;2017T2;18.813,3
Total;Ambos sexos;Valor absoluto;2017T1;18.438,3
Total;Ambos sexos;Valor absoluto;2016T4;18.508,1
Total;Ambos sexos;Valor absoluto;2016T3;18.527,5
Total;Ambos sexos;Valor absoluto;2016T2;18.301
Total;Ambos sexos;Valor absoluto;2016T1;18.029,6
Total;Ambos sexos;Valor absoluto;2015T4;18.094,2
Total;Ambos sexos;Valor absoluto;2015T3;18.048,7
Total;Ambos sexos;Valor absoluto;2015T2;17.866,5
Total;Ambos sexos;Valor absoluto;2015T1;17.454,8
Total;Ambos sexos;Valor absoluto;2014T4;17.569,1
Total;Ambos sexos;Valor absoluto;2014T3;17.504
Total;Ambos sexos;Valor absoluto;2014T2;17.353
Total;Ambos sexos;Valor absoluto;2014T1;16.950,6
Total;Ambos sexos;Valor absoluto;2013T4;17.135,2
Total;Ambos sexos;Valor absoluto;2013T3;17.230
Total;Ambos sexos;Valor absoluto;2013T2;17.160,6
Total;Ambos sexos;Valor absoluto;2013T1;17.030,2
Total;Ambos sexos;Valor absoluto;2012T4;17.339,4
Total;Ambos sexos;Valor absoluto;2012T3;17.667,7
Total;Ambos sexos;Valor absoluto;2012T2;17.758,5
Total;Ambos sexos;Valor absoluto;2012T1;17.765,1
Total;Ambos sexos;Valor absoluto;2011T4;18.153
Total;Ambos sexos;Valor absoluto;2011T3;18.484,5
Total;Ambos sexos;Valor absoluto;2011T2;18.622
Total;Ambos sexos;Valor absoluto;2011T1;18.426,2
Total;Ambos sexos;Valor absoluto;2010T4;18.674,9
Total;Ambos sexos;Valor absoluto;2010T3;18.819
Total;Ambos sexos;Valor absoluto;2010T2;18.751,1
Total;Ambos sexos;Valor absoluto;2010T1;18.652,9
Total;Ambos sexos;Valor absoluto;2009T4;18.890,4
Total;Ambos sexos;Valor absoluto;2009T3;19.098,4
Total;Ambos sexos;Valor absoluto;2009T2;19.154,2
Total;Ambos sexos;Valor absoluto;2009T1;19.284,4
Total;Ambos sexos;Valor absoluto;2008T4;20.055,3
Total;Ambos sexos;Valor absoluto;2008T3;20.556,4
Total;Ambos sexos;Valor absoluto;2008T2;20.646,9
Total;Ambos sexos;Valor absoluto;2008T1;20.620
Total;Ambos sexos;Valor absoluto;2007T4;20.717,9
Total;Ambos sexos;Valor absoluto;2007T3;20.753,4
Total;Ambos sexos;Valor absoluto;2007T2;20.580,9
Total;Ambos sexos;Valor absoluto;2007T1;20.267,5
Total;Ambos sexos;Valor absoluto;2006T4;20.195,4
Total;Ambos sexos;Valor absoluto;2006T3;20.091
Total;Ambos sexos;Valor absoluto;2006T2;19.891,6
Total;Ambos sexos;Valor absoluto;2006T1;19.578,4
Total;Ambos sexos;Valor absoluto;2005T4;19.509,2
Total;Ambos sexos;Valor absoluto;2005T3;19.422,1
Total;Ambos sexos;Valor absoluto;2005T2;19.160,6
Total;Ambos sexos;Valor absoluto;2005T1;18.736,1
Total;Ambos sexos;Valor absoluto;2004T4;18.490,8
Total;Ambos sexos;Valor absoluto;2004T3;18.289,1
Total;Ambos sexos;Valor absoluto;2004T2;18.018,9
Total;Ambos sexos;Valor absoluto;2004T1;17.770,2
Total;Ambos sexos;Valor absoluto;2003T4;17.740,5
Total;Ambos sexos;Valor absoluto;2003T3;17.646
Total;Ambos sexos;Valor absoluto;2003T2;17.423,2
Total;Ambos sexos;Valor absoluto;2003T1;17.092,7
Total;Ambos sexos;Valor absoluto;2002T4;16.991,9
Total;Ambos sexos;Valor absoluto;2002T3;16.919,3
Total;Ambos sexos;Valor absoluto;2002T2;16.766,9
Total;Ambos sexos;Valor absoluto;2002T1;16.482,3
Total;Ambos sexos;Porcentaje;2025T4;100
Total;Ambos sexos;Porcentaje;2025T3;100
Total;Ambos sexos;Porcentaje;2025T2;100
Total;Ambos sexos;Porcentaje;2025T1;100
Total;Ambos sexos;Porcentaje;2024T4;100
Total;Ambos sexos;Porcentaje;2024T3;100
Total;Ambos sexos;Porcentaje;2024T2;100
Total;Ambos sexos;Porcentaje;2024T1;100
Total;Ambos sexos;Porcentaje;2023T4;100
Total;Ambos sexos;Porcentaje;2023T3;100
Total;Ambos sexos;Porcentaje;2023T2;100
Total;Ambos sexos;Porcentaje;2023T1;100
Total;Ambos sexos;Porcentaje;2022T4;100
Total;Ambos sexos;Porcentaje;2022T3;100
Total;Ambos sexos;Porcentaje;2022T2;100
Total;Ambos sexos;Porcentaje;2022T1;100
Total;Ambos sexos;Porcentaje;2021T4;100
Total;Ambos sexos;Porcentaje;2021T3;100
Total;Ambos sexos;Porcentaje;2021T2;100
Total;Ambos sexos;Porcentaje;2021T1;100
Total;Ambos sexos;Porcentaje;2020T4;100
Total;Ambos sexos;Porcentaje;2020T3;100
Total;Ambos sexos;Porcentaje;2020T2;100
Total;Ambos sexos;Porcentaje;2020T1;100
Total;Ambos sexos;Porcentaje;2019T4;100
Total;Ambos sexos;Porcentaje;2019T3;100
Total;Ambos sexos;Porcentaje;2019T2;100
Total;Ambos sexos;Porcentaje;2019T1;100
Total;Ambos sexos;Porcentaje;2018T4;100
Total;Ambos sexos;Porcentaje;2018T3;100
Total;Ambos sexos;Porcentaje;2018T2;100
Total;Ambos sexos;Porcentaje;2018T1;100
Total;Ambos sexos;Porcentaje;2017T4;100
Total;Ambos sexos;Porcentaje;2017T3;100
Total;Ambos sexos;Porcentaje;2017T2;100
Total;Ambos sexos;Porcentaje;2017T1;100
Total;Ambos sexos;Porcentaje;2016T4;100
Total;Ambos sexos;Porcentaje;2016T3;100
Total;Ambos sexos;Porcentaje;2016T2;100
Total;Ambos sexos;Porcentaje;2016T1;100
Total;Ambos sexos;Porcentaje;2015T4;100
Total;Ambos sexos;Porcentaje;2015T3;100
Total;Ambos sexos;Porcentaje;2015T2;100
Total;Ambos sexos;Porcentaje;2015T1;100
Total;Ambos sexos;Porcentaje;2014T4;100
Total;Ambos sexos;Porcentaje;2014T3;100
Total;Ambos sexos;Porcentaje;2014T2;100
Total;Ambos sexos;Porcentaje;2014T1;100
Total;Ambos sexos;Porcentaje;2013T4;100
Total;Ambos sexos;Porcentaje;2013T3;100
Total;Ambos sexos;Porcentaje;2013T2;100
Total;Ambos sexos;Porcentaje;2013T1;100
Total;Ambos sexos;Porcentaje;2012T4;100
Total;Ambos sexos;Porcentaje;2012T3;100
Total;Ambos sexos;Porcentaje;2012T2;100
Total;Ambos sexos;Porcentaje;2012T1;100
Total;Ambos sexos;Porcentaje;2011T4;100
Total;Ambos sexos;Porcentaje;2011T3;100
Total;Ambos sexos;Porcentaje;2011T2;100
Total;Ambos sexos;Porcentaje;2011T1;100
Total;Ambos sexos;Porcentaje;2010T4;100
Total;Ambos sexos;Porcentaje;2010T3;100
Total;Ambos sexos;Porcentaje;2010T2;100
Total;Ambos sexos;Porcentaje;2010T1;100
Total;Ambos sexos;Porcentaje;2009T4;100
Total;Ambos sexos;Porcentaje;2009T3;100
Total;Ambos sexos;Porcentaje;2009T2;100
Total;Ambos sexos;Porcentaje;2009T1;100
Total;Ambos sexos;Porcentaje;2008T4;100
Total;Ambos sexos;Porcentaje;2008T3;100
Total;Ambos sexos;Porcentaje;2008T2;100
Total;Ambos sexos;Porcentaje;2008T1;100
Total;Ambos sexos;Porcentaje;2007T4;100
Total;Ambos sexos;Porcentaje;2007T3;100
Total;Ambos sexos;Porcentaje;2007T2;100
Total;Ambos sexos;Porcentaje;2007T1;100
Total;Ambos sexos;Porcentaje;2006T4;100
Total;Ambos sexos;Porcentaje;2006T3;100
Total;Ambos sexos;Porcentaje;2006T2;100
Total;Ambos sexos;Porcentaje;2006T1;100
Total;Ambos sexos;Porcentaje;2005T4;100
Total;Ambos sexos;Porcentaje;2005T3;100
Total;Ambos sexos;Porcentaje;2005T2;100
Total;Ambos sexos;Porcentaje;2005T1;100
Total;Ambos sexos;Porcentaje;2004T4;100
Total;Ambos sexos;Porcentaje;2004T3;100
Total;Ambos sexos;Porcentaje;2004T2;100
Total;Ambos sexos;Porcentaje;2004T1;100
Total;Ambos sexos;Porcentaje;2003T4;100
Total;Ambos sexos;Porcentaje;2003T3;100
Total;Ambos sexos;Porcentaje;2003T2;100
Total;Ambos sexos;Porcentaje;2003T1;100
Total;Ambos sexos;Porcentaje;2002T4;100
Total;Ambos sexos;Porcentaje;2002T3;100
Total;Ambos sexos;Porcentaje;2002T2;100
Total;Ambos sexos;Porcentaje;2002T1;100
Total;Hombres;Valor absoluto;2025T4;12.005,8
Total;Hombres;Valor absoluto;2025T3;11.985,4
Total;Hombres;Valor absoluto;2025T2;11.878,4
Total;Hombres;Valor absoluto;2025T1;11.612,5
Total;Hombres;Valor absoluto;2024T4;11.706,6
Total;Hombres;Valor absoluto;2024T3;11.710,5
Total;Hombres;Valor absoluto;2024T2;11.595,6
Total;Hombres;Valor absoluto;2024T1;11.393
Total;Hombres;Valor absoluto;2023T4;11.445,9
Total;Hombres;Valor absoluto;2023T3;11.545,9
Total;Hombres;Valor absoluto;2023T2;11.423,6
Total;Hombres;Valor absoluto;2023T1;11.091,2
Total;Hombres;Valor absoluto;2022T4;11.136
Total;Hombres;Valor absoluto;2022T3;11.292,6
Total;Hombres;Valor absoluto;2022T2;11.123,8
Total;Hombres;Valor absoluto;2022T1;10.905,9
Total;Hombres;Valor absoluto;2021T4;10.930,8
Total;Hombres;Valor absoluto;2021T3;10.873,3
Total;Hombres;Valor absoluto;2021T2;10.678,2
Total;Hombres;Valor absoluto;2021T1;10.450,4
Total;Hombres;Valor absoluto;2020T4;10.469,8
Total;Hombres;Valor absoluto;2020T3;10.454,2
Total;Hombres;Valor absoluto;2020T2;10.133,4
Total;Hombres;Valor absoluto;2020T1;10.661,2
Total;Hombres;Valor absoluto;2019T4;10.808,6
Total;Hombres;Valor absoluto;2019T3;10.824,5
Total;Hombres;Valor absoluto;2019T2;10.750,2
Total;Hombres;Valor absoluto;2019T1;10.599,1
Total;Hombres;Valor absoluto;2018T4;10.653,1
Total;Hombres;Valor absoluto;2018T3;10.662,4
Total;Hombres;Valor absoluto;2018T2;10.528,3
Total;Hombres;Valor absoluto;2018T1;10.284
Total;Hombres;Valor absoluto;2017T4;10.339,2
Total;Hombres;Valor absoluto;2017T3;10.420,5
Total;Hombres;Valor absoluto;2017T2;10.256,9
Total;Hombres;Valor absoluto;2017T1;10.048,5
Total;Hombres;Valor absoluto;2016T4;10.071,9
Total;Hombres;Valor absoluto;2016T3;10.112,8
Total;Hombres;Valor absoluto;2016T2;9.971,1
Total;Hombres;Valor absoluto;2016T1;9.847,4
Total;Hombres;Valor absoluto;2015T4;9.863,3
Total;Hombres;Valor absoluto;2015T3;9.896,5
Total;Hombres;Valor absoluto;2015T2;9.761,4
Total;Hombres;Valor absoluto;2015T1;9.520,2
Total;Hombres;Valor absoluto;2014T4;9.558,3
Total;Hombres;Valor absoluto;2014T3;9.605,9
Total;Hombres;Valor absoluto;2014T2;9.441
Total;Hombres;Valor absoluto;2014T1;9.165,6
Total;Hombres;Valor absoluto;2013T4;9.306,8
Total;Hombres;Valor absoluto;2013T3;9.384,8
Total;Hombres;Valor absoluto;2013T2;9.333,2
Total;Hombres;Valor absoluto;2013T1;9.238,3
Total;Hombres;Valor absoluto;2012T4;9.435,7
Total;Hombres;Valor absoluto;2012T3;9.645,8
Total;Hombres;Valor absoluto;2012T2;9.663,1
Total;Hombres;Valor absoluto;2012T1;9.688
Total;Hombres;Valor absoluto;2011T4;9.980,3
Total;Hombres;Valor absoluto;2011T3;10.204
Total;Hombres;Valor absoluto;2011T2;10.229,1
Total;Hombres;Valor absoluto;2011T1;10.196,5
Total;Hombres;Valor absoluto;2010T4;10.341,1
Total;Hombres;Valor absoluto;2010T3;10.514,1
Total;Hombres;Valor absoluto;2010T2;10.470,2
Total;Hombres;Valor absoluto;2010T1;10.369,3
Total;Hombres;Valor absoluto;2009T4;10.550,8
Total;Hombres;Valor absoluto;2009T3;10.705,3
Total;Hombres;Valor absoluto;2009T2;10.777,1
Total;Hombres;Valor absoluto;2009T1;10.899,2
Total;Hombres;Valor absoluto;2008T4;11.414,9
Total;Hombres;Valor absoluto;2008T3;11.841,6
Total;Hombres;Valor absoluto;2008T2;11.950,2
Total;Hombres;Valor absoluto;2008T1;12.014
Total;Hombres;Valor absoluto;2007T4;12.086,6
Total;Hombres;Valor absoluto;2007T3;12.175,9
Total;Hombres;Valor absoluto;2007T2;12.083,3
Total;Hombres;Valor absoluto;2007T1;11.923,7
Total;Hombres;Valor absoluto;2006T4;11.895,2
Total;Hombres;Valor absoluto;2006T3;11.928,9
Total;Hombres;Valor absoluto;2006T2;11.772,7
Total;Hombres;Valor absoluto;2006T1;11.637,3
Total;Hombres;Valor absoluto;2005T4;11.622
Total;Hombres;Valor absoluto;2005T3;11.620,7
Total;Hombres;Valor absoluto;2005T2;11.433,8
Total;Hombres;Valor absoluto;2005T1;11.263,6
Total;Hombres;Valor absoluto;2004T4;11.155,1
Total;Hombres;Valor absoluto;2004T3;11.069
Total;Hombres;Valor absoluto;2004T2;10.925,2
Total;Hombres;Valor absoluto;2004T1;10.803
Total;Hombres;Valor absoluto;2003T4;10.811,8
Total;Hombres;Valor absoluto;2003T3;10.810,3
Total;Hombres;Valor absoluto;2003T2;10.696,6
Total;Hombres;Valor absoluto;2003T1;10.540,6
Total;Hombres;Valor absoluto;2002T4;10.480,8
Total;Hombres;Valor absoluto;2002T3;10.491,8
Total;Hombres;Valor absoluto;2002T2;10.402,3
Total;Hombres;Valor absoluto;2002T1;10.256,3
Total;Hombres;Porcentaje;2025T4;100
Total;Hombres;Porcentaje;2025T3;100
Total;Hombres;Porcentaje;2025T2;100
Total;Hombres;Porcentaje;2025T1;100
Total;Hombres;Porcentaje;2024T4;100
Total;Hombres;Porcentaje;2024T3;100
Total;Hombres;Porcentaje;2024T2;100
Total;Hombres;Porcentaje;2024T1;100
Total;Hombres;Porcentaje;2023T4;100
Total;Hombres;Porcentaje;2023T3;100
Total;Hombres;Porcentaje;2023T2;100
Total;Hombres;Porcentaje;2023T1;100
Total;Hombres;Porcentaje;2022T4;100
Total;Hombres;Porcentaje;2022T3;100
Total;Hombres;Porcentaje;2022T2;100
Total;Hombres;Porcentaje;2022T1;100
Total;Hombres;Porcentaje;2021T4;100
Total;Hombres;Porcentaje;2021T3;100
Total;Hombres;Porcentaje;2021T2;100
Total;Hombres;Porcentaje;2021T1;100
Total;Hombres;Porcentaje;2020T4;100
Total;Hombres;Porcentaje;2020T3;100
Total;Hombres;Porcentaje;2020T2;100
Total;Hombres;Porcentaje;2020T1;100
Total;Hombres;Porcentaje;2019T4;100
Total;Hombres;Porcentaje;2019T3;100
Total;Hombres;Porcentaje;2019T2;100
Total;Hombres;Porcentaje;2019T1;100
Total;Hombres;Porcentaje;2018T4;100
Total;Hombres;Porcentaje;2018T3;100
Total;Hombres;Porcentaje;2018T2;100
Total;Hombres;Porcentaje;2018T1;100
Total;Hombres;Porcentaje;2017T4;100
Total;Hombres;Porcentaje;2017T3;100
Total;Hombres;Porcentaje;2017T2;100
Total;Hombres;Porcentaje;2017T1;100
Total;Hombres;Porcentaje;2016T4;100
Total;Hombres;Porcentaje;2016T3;100
Total;Hombres;Porcentaje;2016T2;100
Total;Hombres;Porcentaje;2016T1;100
Total;Hombres;Porcentaje;2015T4;100
Total;Hombres;Porcentaje;2015T3;100
Total;Hombres;Porcentaje;2015T2;100
Total;Hombres;Porcentaje;2015T1;100
Total;Hombres;Porcentaje;2014T4;100
Total;Hombres;Porcentaje;2014T3;100
Total;Hombres;Porcentaje;2014T2;100
Total;Hombres;Porcentaje;2014T1;100
Total;Hombres;Porcentaje;2013T4;100
Total;Hombres;Porcentaje;2013T3;100
Total;Hombres;Porcentaje;2013T2;100
Total;Hombres;Porcentaje;2013T1;100
Total;Hombres;Porcentaje;2012T4;100
Total;Hombres;Porcentaje;2012T3;100
Total;Hombres;Porcentaje;2012T2;100
Total;Hombres;Porcentaje;2012T1;100
Total;Hombres;Porcentaje;2011T4;100
Total;Hombres;Porcentaje;2011T3;100
Total;Hombres;Porcentaje;2011T2;100
Total;Hombres;Porcentaje;2011T1;100
Total;Hombres;Porcentaje;2010T4;100
Total;Hombres;Porcentaje;2010T3;100
Total;Hombres;Porcentaje;2010T2;100
Total;Hombres;Porcentaje;2010T1;100
Total;Hombres;Porcentaje;2009T4;100
Total;Hombres;Porcentaje;2009T3;100
Total;Hombres;Porcentaje;2009T2;100
Total;Hombres;Porcentaje;2009T1;100
Total;Hombres;Porcentaje;2008T4;100
Total;Hombres;Porcentaje;2008T3;100
Total;Hombres;Porcentaje;2008T2;100
Total;Hombres;Porcentaje;2008T1;100
Total;Hombres;Porcentaje;2007T4;100
Total;Hombres;Porcentaje;2007T3;100
Total;Hombres;Porcentaje;2007T2;100
Total;Hombres;Porcentaje;2007T1;100
Total;Hombres;Porcentaje;2006T4;100
Total;Hombres;Porcentaje;2006T3;100
Total;Hombres;Porcentaje;2006T2;100
Total;Hombres;Porcentaje;2006T1;100
Total;Hombres;Porcentaje;2005T4;100
Total;Hombres;Porcentaje;2005T3;100
Total;Hombres;Porcentaje;2005T2;100
Total;Hombres;Porcentaje;2005T1;100
Total;Hombres;Porcentaje;2004T4;100
Total;Hombres;Porcentaje;2004T3;100
Total;Hombres;Porcentaje;2004T2;100
Total;Hombres;Porcentaje;2004T1;100
Total;Hombres;Porcentaje;2003T4;100
Total;Hombres;Porcentaje;2003T3;100
Total;Hombres;Porcentaje;2003T2;100
Total;Hombres;Porcentaje;2003T1;100
Total;Hombres;Porcentaje;2002T4;100
Total;Hombres;Porcentaje;2002T3;100
Total;Hombres;Porcentaje;2002T2;100
Total;Hombres;Porcentaje;2002T1;100
Total;Mujeres;Valor absoluto;2025T4;10.457,5
Total;Mujeres;Valor absoluto;2025T3;10.401,7
Total;Mujeres;Valor absoluto;2025T2;10.390,3
Total;Mujeres;Valor absoluto;2025T1;10.152,8
Total;Mujeres;Valor absoluto;2024T4;10.151,2
Total;Mujeres;Valor absoluto;2024T3;10.112,6
Total;Mujeres;Valor absoluto;2024T2;10.089,1
Total;Mujeres;Valor absoluto;2024T1;9.857
Total;Mujeres;Valor absoluto;2023T4;9.943,8
Total;Mujeres;Valor absoluto;2023T3;9.900,6
Total;Mujeres;Valor absoluto;2023T2;9.834,8
Total;Mujeres;Valor absoluto;2023T1;9.543
Total;Mujeres;Valor absoluto;2022T4;9.504,7
Total;Mujeres;Valor absoluto;2022T3;9.452,8
Total;Mujeres;Valor absoluto;2022T2;9.483,4
Total;Mujeres;Valor absoluto;2022T1;9.290,8
Total;Mujeres;Valor absoluto;2021T4;9.344,1
Total;Mujeres;Valor absoluto;2021T3;9.230
Total;Mujeres;Valor absoluto;2021T2;9.038
Total;Mujeres;Valor absoluto;2021T1;8.789,2
Total;Mujeres;Valor absoluto;2020T4;8.874,5
Total;Mujeres;Valor absoluto;2020T3;8.722,7
Total;Mujeres;Valor absoluto;2020T2;8.473,8
Total;Mujeres;Valor absoluto;2020T1;9.020
Total;Mujeres;Valor absoluto;2019T4;9.158,3
Total;Mujeres;Valor absoluto;2019T3;9.049,8
Total;Mujeres;Valor absoluto;2019T2;9.054,7
Total;Mujeres;Valor absoluto;2019T1;8.872
Total;Mujeres;Valor absoluto;2018T4;8.911,5
Total;Mujeres;Valor absoluto;2018T3;8.865,6
Total;Mujeres;Valor absoluto;2018T2;8.815,7
Total;Mujeres;Valor absoluto;2018T1;8.590,2
Total;Mujeres;Valor absoluto;2017T4;8.659,1
Total;Mujeres;Valor absoluto;2017T3;8.628,7
Total;Mujeres;Valor absoluto;2017T2;8.556,4
Total;Mujeres;Valor absoluto;2017T1;8.389,8
Total;Mujeres;Valor absoluto;2016T4;8.436,2
Total;Mujeres;Valor absoluto;2016T3;8.414,8
Total;Mujeres;Valor absoluto;2016T2;8.329,9
Total;Mujeres;Valor absoluto;2016T1;8.182,2
Total;Mujeres;Valor absoluto;2015T4;8.230,8
Total;Mujeres;Valor absoluto;2015T3;8.152,2
Total;Mujeres;Valor absoluto;2015T2;8.105,2
Total;Mujeres;Valor absoluto;2015T1;7.934,6
Total;Mujeres;Valor absoluto;2014T4;8.010,8
Total;Mujeres;Valor absoluto;2014T3;7.898,1
Total;Mujeres;Valor absoluto;2014T2;7.912,1
Total;Mujeres;Valor absoluto;2014T1;7.785
Total;Mujeres;Valor absoluto;2013T4;7.828,4
Total;Mujeres;Valor absoluto;2013T3;7.845,2
Total;Mujeres;Valor absoluto;2013T2;7.827,4
Total;Mujeres;Valor absoluto;2013T1;7.791,9
Total;Mujeres;Valor absoluto;2012T4;7.903,7
Total;Mujeres;Valor absoluto;2012T3;8.021,9
Total;Mujeres;Valor absoluto;2012T2;8.095,4
Total;Mujeres;Valor absoluto;2012T1;8.077,1
Total;Mujeres;Valor absoluto;2011T4;8.172,8
Total;Mujeres;Valor absoluto;2011T3;8.280,4
Total;Mujeres;Valor absoluto;2011T2;8.392,9
Total;Mujeres;Valor absoluto;2011T1;8.229,7
Total;Mujeres;Valor absoluto;2010T4;8.333,8
Total;Mujeres;Valor absoluto;2010T3;8.304,9
Total;Mujeres;Valor absoluto;2010T2;8.280,9
Total;Mujeres;Valor absoluto;2010T1;8.283,5
Total;Mujeres;Valor absoluto;2009T4;8.339,7
Total;Mujeres;Valor absoluto;2009T3;8.393,2
Total;Mujeres;Valor absoluto;2009T2;8.377,2
Total;Mujeres;Valor absoluto;2009T1;8.385,2
Total;Mujeres;Valor absoluto;2008T4;8.640,4
Total;Mujeres;Valor absoluto;2008T3;8.714,9
Total;Mujeres;Valor absoluto;2008T2;8.696,8
Total;Mujeres;Valor absoluto;2008T1;8.605,9
Total;Mujeres;Valor absoluto;2007T4;8.631,3
Total;Mujeres;Valor absoluto;2007T3;8.577,5
Total;Mujeres;Valor absoluto;2007T2;8.497,7
Total;Mujeres;Valor absoluto;2007T1;8.343,8
Total;Mujeres;Valor absoluto;2006T4;8.300,2
Total;Mujeres;Valor absoluto;2006T3;8.162
Total;Mujeres;Valor absoluto;2006T2;8.118,9
Total;Mujeres;Valor absoluto;2006T1;7.941,2
Total;Mujeres;Valor absoluto;2005T4;7.887,2
Total;Mujeres;Valor absoluto;2005T3;7.801,4
Total;Mujeres;Valor absoluto;2005T2;7.726,8
Total;Mujeres;Valor absoluto;2005T1;7.472,5
Total;Mujeres;Valor absoluto;2004T4;7.335,7
Total;Mujeres;Valor absoluto;2004T3;7.220,1
Total;Mujeres;Valor absoluto;2004T2;7.093,7
Total;Mujeres;Valor absoluto;2004T1;6.967,2
Total;Mujeres;Valor absoluto;2003T4;6.928,6
Total;Mujeres;Valor absoluto;2003T3;6.835,7
Total;Mujeres;Valor absoluto;2003T2;6.726,6
Total;Mujeres;Valor absoluto;2003T1;6.552,2
Total;Mujeres;Valor absoluto;2002T4;6.511,1
Total;Mujeres;Valor absoluto;2002T3;6.427,5
Total;Mujeres;Valor absoluto;2002T2;6.364,6
Total;Mujeres;Valor absoluto;2002T1;6.226
Total;Mujeres;Porcentaje;2025T4;100
Total;Mujeres;Porcentaje;2025T3;100
Total;Mujeres;Porcentaje;2025T2;100
Total;Mujeres;Porcentaje;2025T1;100
Total;Mujeres;Porcentaje;2024T4;100
Total;Mujeres;Porcentaje;2024T3;100
Total;Mujeres;Porcentaje;2024T2;100
Total;Mujeres;Porcentaje;2024T1;100
Total;Mujeres;Porcentaje;2023T4;100
Total;Mujeres;Porcentaje;2023T3;100
Total;Mujeres;Porcentaje;2023T2;100
Total;Mujeres;Porcentaje;2023T1;100
Total;Mujeres;Porcentaje;2022T4;100
Total;Mujeres;Porcentaje;2022T3;100
Total;Mujeres;Porcentaje;2022T2;100
Total;Mujeres;Porcentaje;2022T1;100
Total;Mujeres;Porcentaje;2021T4;100
Total;Mujeres;Porcentaje;2021T3;100
Total;Mujeres;Porcentaje;2021T2;100
Total;Mujeres;Porcentaje;2021T1;100
Total;Mujeres;Porcentaje;2020T4;100
Total;Mujeres;Porcentaje;2020T3;100
Total;Mujeres;Porcentaje;2020T2;100
Total;Mujeres;Porcentaje;2020T1;100
Total;Mujeres;Porcentaje;2019T4;100
Total;Mujeres;Porcentaje;2019T3;100
Total;Mujeres;Porcentaje;2019T2;100
Total;Mujeres;Porcentaje;2019T1;100
Total;Mujeres;Porcentaje;2018T4;100
Total;Mujeres;Porcentaje;2018T3;100
Total;Mujeres;Porcentaje;2018T2;100
Total;Mujeres;Porcentaje;2018T1;100
Total;Mujeres;Porcentaje;2017T4;100
Total;Mujeres;Porcentaje;2017T3;100
Total;Mujeres;Porcentaje;2017T2;100
Total;Mujeres;Porcentaje;2017T1;100
Total;Mujeres;Porcentaje;2016T4;100
Total;Mujeres;Porcentaje;2016T3;100
Total;Mujeres;Porcentaje;2016T2;100
Total;Mujeres;Porcentaje;2016T1;100
Total;Mujeres;Porcentaje;2015T4;100
Total;Mujeres;Porcentaje;2015T3;100
Total;Mujeres;Porcentaje;2015T2;100
Total;Mujeres;Porcentaje;2015T1;100
Total;Mujeres;Porcentaje;2014T4;100
Total;Mujeres;Porcentaje;2014T3;100
Total;Mujeres;Porcentaje;2014T2;100
Total;Mujeres;Porcentaje;2014T1;100
Total;Mujeres;Porcentaje;2013T4;100
Total;Mujeres;Porcentaje;2013T3;100
Total;Mujeres;Porcentaje;2013T2;100
Total;Mujeres;Porcentaje;2013T1;100
Total;Mujeres;Porcentaje;2012T4;100
Total;Mujeres;Porcentaje;2012T3;100
Total;Mujeres;Porcentaje;2012T2;100
Total;Mujeres;Porcentaje;2012T1;100
Total;Mujeres;Porcentaje;2011T4;100
Total;Mujeres;Porcentaje;2011T3;100
Total;Mujeres;Porcentaje;2011T2;100
Total;Mujeres;Porcentaje;2011T1;100
Total;Mujeres;Porcentaje;2010T4;100
Total;Mujeres;Porcentaje;2010T3;100
Total;Mujeres;Porcentaje;2010T2;100
Total;Mujeres;Porcentaje;2010T1;100
Total;Mujeres;Porcentaje;2009T4;100
Total;Mujeres;Porcentaje;2009T3;100
Total;Mujeres;Porcentaje;2009T2;100
Total;Mujeres;Porcentaje;2009T1;100
Total;Mujeres;Porcentaje;2008T4;100
Total;Mujeres;Porcentaje;2008T3;100
Total;Mujeres;Porcentaje;2008T2;100
Total;Mujeres;Porcentaje;2008T1;100
Total;Mujeres;Porcentaje;2007T4;100
Total;Mujeres;Porcentaje;2007T3;100
Total;Mujeres;Porcentaje;2007T2;100
Total;Mujeres;Porcentaje;2007T1;100
Total;Mujeres;Porcentaje;2006T4;100
Total;Mujeres;Porcentaje;2006T3;100
Total;Mujeres;Porcentaje;2006T2;100
Total;Mujeres;Porcentaje;2006T1;100
Total;Mujeres;Porcentaje;2005T4;100
Total;Mujeres;Porcentaje;2005T3;100
Total;Mujeres;Porcentaje;2005T2;100
Total;Mujeres;Porcentaje;2005T1;100
Total;Mujeres;Porcentaje;2004T4;100
Total;Mujeres;Porcentaje;2004T3;100
Total;Mujeres;Porcentaje;2004T2;100
Total;Mujeres;Porcentaje;2004T1;100
Total;Mujeres;Porcentaje;2003T4;100
Total;Mujeres;Porcentaje;2003T3;100
Total;Mujeres;Porcentaje;2003T2;100
Total;Mujeres;Porcentaje;2003T1;100
Total;Mujeres;Porcentaje;2002T4;100
Total;Mujeres;Porcentaje;2002T3;100
Total;Mujeres;Porcentaje;2002T2;100
Total;Mujeres;Porcentaje;2002T1;100
Empleo público;Ambos sexos;Valor absoluto;2025T4;3.641,4
Empleo público;Ambos sexos;Valor absoluto;2025T3;3.532,7
Empleo público;Ambos sexos;Valor absoluto;2025T2;3.521,9
Empleo público;Ambos sexos;Valor absoluto;2025T1;3.499,1
Empleo público;Ambos sexos;Valor absoluto;2024T4;3.591,2
Empleo público;Ambos sexos;Valor absoluto;2024T3;3.540,8
Empleo público;Ambos sexos;Valor absoluto;2024T2;3.557,9
Empleo público;Ambos sexos;Valor absoluto;2024T1;3.551
Empleo público;Ambos sexos;Valor absoluto;2023T4;3.576,6
Empleo público;Ambos sexos;Valor absoluto;2023T3;3.516,2
Empleo público;Ambos sexos;Valor absoluto;2023T2;3.503,9
Empleo público;Ambos sexos;Valor absoluto;2023T1;3.495
Empleo público;Ambos sexos;Valor absoluto;2022T4;3.497,2
Empleo público;Ambos sexos;Valor absoluto;2022T3;3.487,8
Empleo público;Ambos sexos;Valor absoluto;2022T2;3.431,9
Empleo público;Ambos sexos;Valor absoluto;2022T1;3.450,2
Empleo público;Ambos sexos;Valor absoluto;2021T4;3.457,5
Empleo público;Ambos sexos;Valor absoluto;2021T3;3.458,9
Empleo público;Ambos sexos;Valor absoluto;2021T2;3.409
Empleo público;Ambos sexos;Valor absoluto;2021T1;3.369,7
Empleo público;Ambos sexos;Valor absoluto;2020T4;3.379,1
Empleo público;Ambos sexos;Valor absoluto;2020T3;3.337,1
Empleo público;Ambos sexos;Valor absoluto;2020T2;3.225,9
Empleo público;Ambos sexos;Valor absoluto;2020T1;3.248
Empleo público;Ambos sexos;Valor absoluto;2019T4;3.253,3
Empleo público;Ambos sexos;Valor absoluto;2019T3;3.228,7
Empleo público;Ambos sexos;Valor absoluto;2019T2;3.194,5
Empleo público;Ambos sexos;Valor absoluto;2019T1;3.213,6
Empleo público;Ambos sexos;Valor absoluto;2018T4;3.211
Empleo público;Ambos sexos;Valor absoluto;2018T3;3.167,5
Empleo público;Ambos sexos;Valor absoluto;2018T2;3.117,8
Empleo público;Ambos sexos;Valor absoluto;2018T1;3.105,8
Empleo público;Ambos sexos;Valor absoluto;2017T4;3.074,7
Empleo público;Ambos sexos;Valor absoluto;2017T3;3.062,1
Empleo público;Ambos sexos;Valor absoluto;2017T2;3.003,8
Empleo público;Ambos sexos;Valor absoluto;2017T1;2.973,8
Empleo público;Ambos sexos;Valor absoluto;2016T4;2.986,1
Empleo público;Ambos sexos;Valor absoluto;2016T3;3.003,9
Empleo público;Ambos sexos;Valor absoluto;2016T2;2.995
Empleo público;Ambos sexos;Valor absoluto;2016T1;3.018,3
Empleo público;Ambos sexos;Valor absoluto;2015T4;3.000,7
Empleo público;Ambos sexos;Valor absoluto;2015T3;2.986,4
Empleo público;Ambos sexos;Valor absoluto;2015T2;2.956,3
Empleo público;Ambos sexos;Valor absoluto;2015T1;2.956,7
Empleo público;Ambos sexos;Valor absoluto;2014T4;2.927,5
Empleo público;Ambos sexos;Valor absoluto;2014T3;2.925,6
Empleo público;Ambos sexos;Valor absoluto;2014T2;2.929,5
Empleo público;Ambos sexos;Valor absoluto;2014T1;2.920,5
Empleo público;Ambos sexos;Valor absoluto;2013T4;2.909,4
Empleo público;Ambos sexos;Valor absoluto;2013T3;2.943,2
Empleo público;Ambos sexos;Valor absoluto;2013T2;2.945
Empleo público;Ambos sexos;Valor absoluto;2013T1;2.951,7
Empleo público;Ambos sexos;Valor absoluto;2012T4;3.021,1
Empleo público;Ambos sexos;Valor absoluto;2012T3;3.087,3
Empleo público;Ambos sexos;Valor absoluto;2012T2;3.140,5
Empleo público;Ambos sexos;Valor absoluto;2012T1;3.200,5
Empleo público;Ambos sexos;Valor absoluto;2011T4;3.234,7
Empleo público;Ambos sexos;Valor absoluto;2011T3;3.306,6
Empleo público;Ambos sexos;Valor absoluto;2011T2;3.299,3
Empleo público;Ambos sexos;Valor absoluto;2011T1;3.267,5
Empleo público;Ambos sexos;Valor absoluto;2010T4;3.250,3
Empleo público;Ambos sexos;Valor absoluto;2010T3;3.259,2
Empleo público;Ambos sexos;Valor absoluto;2010T2;3.168,4
Empleo público;Ambos sexos;Valor absoluto;2010T1;3.160,5
Empleo público;Ambos sexos;Valor absoluto;2009T4;3.127,6
Empleo público;Ambos sexos;Valor absoluto;2009T3;3.164,7
Empleo público;Ambos sexos;Valor absoluto;2009T2;3.106,1
Empleo público;Ambos sexos;Valor absoluto;2009T1;3.077,4
Empleo público;Ambos sexos;Valor absoluto;2008T4;3.081,6
Empleo público;Ambos sexos;Valor absoluto;2008T3;3.040,9
Empleo público;Ambos sexos;Valor absoluto;2008T2;2.983,5
Empleo público;Ambos sexos;Valor absoluto;2008T1;2.920,7
Empleo público;Ambos sexos;Valor absoluto;2007T4;2.969,5
Empleo público;Ambos sexos;Valor absoluto;2007T3;2.990,3
Empleo público;Ambos sexos;Valor absoluto;2007T2;2.932
Empleo público;Ambos sexos;Valor absoluto;2007T1;2.986,8
Empleo público;Ambos sexos;Valor absoluto;2006T4;2.959,2
Empleo público;Ambos sexos;Valor absoluto;2006T3;2.944,8
Empleo público;Ambos sexos;Valor absoluto;2006T2;2.902,7
Empleo público;Ambos sexos;Valor absoluto;2006T1;2.919,4
Empleo público;Ambos sexos;Valor absoluto;2005T4;2.916,4
Empleo público;Ambos sexos;Valor absoluto;2005T3;2.960,6
Empleo público;Ambos sexos;Valor absoluto;2005T2;2.897,4
Empleo público;Ambos sexos;Valor absoluto;2005T1;2.893,9
Empleo público;Ambos sexos;Valor absoluto;2004T4;2.918,6
Empleo público;Ambos sexos;Valor absoluto;2004T3;2.877,7
Empleo público;Ambos sexos;Valor absoluto;2004T2;2.791,2
Empleo público;Ambos sexos;Valor absoluto;2004T1;2.777,1
Empleo público;Ambos sexos;Valor absoluto;2003T4;2.764,8
Empleo público;Ambos sexos;Valor absoluto;2003T3;2.766,3
Empleo público;Ambos sexos;Valor absoluto;2003T2;2.728,7
Empleo público;Ambos sexos;Valor absoluto;2003T1;2.684,2
Empleo público;Ambos sexos;Valor absoluto;2002T4;2.672,7
Empleo público;Ambos sexos;Valor absoluto;2002T3;2.649
Empleo público;Ambos sexos;Valor absoluto;2002T2;2.586,6
Empleo público;Ambos sexos;Valor absoluto;2002T1;2.569
Empleo público;Ambos sexos;Porcentaje;2025T4;16,2
Empleo público;Ambos sexos;Porcentaje;2025T3;15,8
Empleo público;Ambos sexos;Porcentaje;2025T2;15,8
Empleo público;Ambos sexos;Porcentaje;2025T1;16,1
Empleo público;Ambos sexos;Porcentaje;2024T4;16,4
Empleo público;Ambos sexos;Porcentaje;2024T3;16,2
Empleo público;Ambos sexos;Porcentaje;2024T2;16,4
Empleo público;Ambos sexos;Porcentaje;2024T1;16,7
Empleo público;Ambos sexos;Porcentaje;2023T4;16,7
Empleo público;Ambos sexos;Porcentaje;2023T3;16,4
Empleo público;Ambos sexos;Porcentaje;2023T2;16,5
Empleo público;Ambos sexos;Porcentaje;2023T1;16,9
Empleo público;Ambos sexos;Porcentaje;2022T4;16,9
Empleo público;Ambos sexos;Porcentaje;2022T3;16,8
Empleo público;Ambos sexos;Porcentaje;2022T2;16,7
Empleo público;Ambos sexos;Porcentaje;2022T1;17,1
Empleo público;Ambos sexos;Porcentaje;2021T4;17,1
Empleo público;Ambos sexos;Porcentaje;2021T3;17,2
Empleo público;Ambos sexos;Porcentaje;2021T2;17,3
Empleo público;Ambos sexos;Porcentaje;2021T1;17,5
Empleo público;Ambos sexos;Porcentaje;2020T4;17,5
Empleo público;Ambos sexos;Porcentaje;2020T3;17,4
Empleo público;Ambos sexos;Porcentaje;2020T2;17,3
Empleo público;Ambos sexos;Porcentaje;2020T1;16,5
Empleo público;Ambos sexos;Porcentaje;2019T4;16,3
Empleo público;Ambos sexos;Porcentaje;2019T3;16,2
Empleo público;Ambos sexos;Porcentaje;2019T2;16,1
Empleo público;Ambos sexos;Porcentaje;2019T1;16,5
Empleo público;Ambos sexos;Porcentaje;2018T4;16,4
Empleo público;Ambos sexos;Porcentaje;2018T3;16,2
Empleo público;Ambos sexos;Porcentaje;2018T2;16,1
Empleo público;Ambos sexos;Porcentaje;2018T1;16,5
Empleo público;Ambos sexos;Porcentaje;2017T4;16,2
Empleo público;Ambos sexos;Porcentaje;2017T3;16,1
Empleo público;Ambos sexos;Porcentaje;2017T2;16
Empleo público;Ambos sexos;Porcentaje;2017T1;16,1
Empleo público;Ambos sexos;Porcentaje;2016T4;16,1
Empleo público;Ambos sexos;Porcentaje;2016T3;16,2
Empleo público;Ambos sexos;Porcentaje;2016T2;16,4
Empleo público;Ambos sexos;Porcentaje;2016T1;16,7
Empleo público;Ambos sexos;Porcentaje;2015T4;16,6
Empleo público;Ambos sexos;Porcentaje;2015T3;16,5
Empleo público;Ambos sexos;Porcentaje;2015T2;16,5
Empleo público;Ambos sexos;Porcentaje;2015T1;16,9
Empleo público;Ambos sexos;Porcentaje;2014T4;16,7
Empleo público;Ambos sexos;Porcentaje;2014T3;16,7
Empleo público;Ambos sexos;Porcentaje;2014T2;16,9
Empleo público;Ambos sexos;Porcentaje;2014T1;17,2
Empleo público;Ambos sexos;Porcentaje;2013T4;17
Empleo público;Ambos sexos;Porcentaje;2013T3;17,1
Empleo público;Ambos sexos;Porcentaje;2013T2;17,2
Empleo público;Ambos sexos;Porcentaje;2013T1;17,3
Empleo público;Ambos sexos;Porcentaje;2012T4;17,4
Empleo público;Ambos sexos;Porcentaje;2012T3;17,5
Empleo público;Ambos sexos;Porcentaje;2012T2;17,7
Empleo público;Ambos sexos;Porcentaje;2012T1;18
Empleo público;Ambos sexos;Porcentaje;2011T4;17,8
Empleo público;Ambos sexos;Porcentaje;2011T3;17,9
Empleo público;Ambos sexos;Porcentaje;2011T2;17,7
Empleo público;Ambos sexos;Porcentaje;2011T1;17,7
Empleo público;Ambos sexos;Porcentaje;2010T4;17,4
Empleo público;Ambos sexos;Porcentaje;2010T3;17,3
Empleo público;Ambos sexos;Porcentaje;2010T2;16,9
Empleo público;Ambos sexos;Porcentaje;2010T1;16,9
Empleo público;Ambos sexos;Porcentaje;2009T4;16,6
Empleo público;Ambos sexos;Porcentaje;2009T3;16,6
Empleo público;Ambos sexos;Porcentaje;2009T2;16,2
Empleo público;Ambos sexos;Porcentaje;2009T1;16
Empleo público;Ambos sexos;Porcentaje;2008T4;15,4
Empleo público;Ambos sexos;Porcentaje;2008T3;14,8
Empleo público;Ambos sexos;Porcentaje;2008T2;14,4
Empleo público;Ambos sexos;Porcentaje;2008T1;14,2
Empleo público;Ambos sexos;Porcentaje;2007T4;14,3
Empleo público;Ambos sexos;Porcentaje;2007T3;14,4
Empleo público;Ambos sexos;Porcentaje;2007T2;14,2
Empleo público;Ambos sexos;Porcentaje;2007T1;14,7
Empleo público;Ambos sexos;Porcentaje;2006T4;14,7
Empleo público;Ambos sexos;Porcentaje;2006T3;14,7
Empleo público;Ambos sexos;Porcentaje;2006T2;14,6
Empleo público;Ambos sexos;Porcentaje;2006T1;14,9
Empleo público;Ambos sexos;Porcentaje;2005T4;14,9
Empleo público;Ambos sexos;Porcentaje;2005T3;15,2
Empleo público;Ambos sexos;Porcentaje;2005T2;15,1
Empleo público;Ambos sexos;Porcentaje;2005T1;15,4
Empleo público;Ambos sexos;Porcentaje;2004T4;15,8
Empleo público;Ambos sexos;Porcentaje;2004T3;15,7
Empleo público;Ambos sexos;Porcentaje;2004T2;15,5
Empleo público;Ambos sexos;Porcentaje;2004T1;15,6
Empleo público;Ambos sexos;Porcentaje;2003T4;15,6
Empleo público;Ambos sexos;Porcentaje;2003T3;15,7
Empleo público;Ambos sexos;Porcentaje;2003T2;15,7
Empleo público;Ambos sexos;Porcentaje;2003T1;15,7
Empleo público;Ambos sexos;Porcentaje;2002T4;15,7
Empleo público;Ambos sexos;Porcentaje;2002T3;15,7
Empleo público;Ambos sexos;Porcentaje;2002T2;15,4
Empleo público;Ambos sexos;Porcentaje;2002T1;15,6
Empleo público;Hombres;Valor absoluto;2025T4;1.507,6
Empleo público;Hombres;Valor absoluto;2025T3;1.475
Empleo público;Hombres;Valor absoluto;2025T2;1.481,4
Empleo público;Hombres;Valor absoluto;2025T1;1.478,5
Empleo público;Hombres;Valor absoluto;2024T4;1.534,5
Empleo público;Hombres;Valor absoluto;2024T3;1.514
Empleo público;Hombres;Valor absoluto;2024T2;1.528,7
Empleo público;Hombres;Valor absoluto;2024T1;1.506,1
Empleo público;Hombres;Valor absoluto;2023T4;1.520,8
Empleo público;Hombres;Valor absoluto;2023T3;1.491,5
Empleo público;Hombres;Valor absoluto;2023T2;1.493,8
Empleo público;Hombres;Valor absoluto;2023T1;1.479,1
Empleo público;Hombres;Valor absoluto;2022T4;1.488,8
Empleo público;Hombres;Valor absoluto;2022T3;1.506,7
Empleo público;Hombres;Valor absoluto;2022T2;1.456,8
Empleo público;Hombres;Valor absoluto;2022T1;1.442,3
Empleo público;Hombres;Valor absoluto;2021T4;1.425,7
Empleo público;Hombres;Valor absoluto;2021T3;1.446,4
Empleo público;Hombres;Valor absoluto;2021T2;1.460,3
Empleo público;Hombres;Valor absoluto;2021T1;1.430
Empleo público;Hombres;Valor absoluto;2020T4;1.458,8
Empleo público;Hombres;Valor absoluto;2020T3;1.484,1
Empleo público;Hombres;Valor absoluto;2020T2;1.419,2
Empleo público;Hombres;Valor absoluto;2020T1;1.421,5
Empleo público;Hombres;Valor absoluto;2019T4;1.411,3
Empleo público;Hombres;Valor absoluto;2019T3;1.418,7
Empleo público;Hombres;Valor absoluto;2019T2;1.410,7
Empleo público;Hombres;Valor absoluto;2019T1;1.417,5
Empleo público;Hombres;Valor absoluto;2018T4;1.427,4
Empleo público;Hombres;Valor absoluto;2018T3;1.408,2
Empleo público;Hombres;Valor absoluto;2018T2;1.375,4
Empleo público;Hombres;Valor absoluto;2018T1;1.369,8
Empleo público;Hombres;Valor absoluto;2017T4;1.355,4
Empleo público;Hombres;Valor absoluto;2017T3;1.365,5
Empleo público;Hombres;Valor absoluto;2017T2;1.339,3
Empleo público;Hombres;Valor absoluto;2017T1;1.330,3
Empleo público;Hombres;Valor absoluto;2016T4;1.350,4
Empleo público;Hombres;Valor absoluto;2016T3;1.352,2
Empleo público;Hombres;Valor absoluto;2016T2;1.337,2
Empleo público;Hombres;Valor absoluto;2016T1;1.357,5
Empleo público;Hombres;Valor absoluto;2015T4;1.362,3
Empleo público;Hombres;Valor absoluto;2015T3;1.374,1
Empleo público;Hombres;Valor absoluto;2015T2;1.358,1
Empleo público;Hombres;Valor absoluto;2015T1;1.362,7
Empleo público;Hombres;Valor absoluto;2014T4;1.358
Empleo público;Hombres;Valor absoluto;2014T3;1.368,6
Empleo público;Hombres;Valor absoluto;2014T2;1.366,4
Empleo público;Hombres;Valor absoluto;2014T1;1.344
Empleo público;Hombres;Valor absoluto;2013T4;1.326,9
Empleo público;Hombres;Valor absoluto;2013T3;1.365,7
Empleo público;Hombres;Valor absoluto;2013T2;1.331,7
Empleo público;Hombres;Valor absoluto;2013T1;1.346,5
Empleo público;Hombres;Valor absoluto;2012T4;1.367,2
Empleo público;Hombres;Valor absoluto;2012T3;1.373,2
Empleo público;Hombres;Valor absoluto;2012T2;1.399,6
Empleo público;Hombres;Valor absoluto;2012T1;1.446,2
Empleo público;Hombres;Valor absoluto;2011T4;1.466,3
Empleo público;Hombres;Valor absoluto;2011T3;1.531,4
Empleo público;Hombres;Valor absoluto;2011T2;1.515,3
Empleo público;Hombres;Valor absoluto;2011T1;1.500,6
Empleo público;Hombres;Valor absoluto;2010T4;1.472,5
Empleo público;Hombres;Valor absoluto;2010T3;1.506,8
Empleo público;Hombres;Valor absoluto;2010T2;1.469,5
Empleo público;Hombres;Valor absoluto;2010T1;1.459,4
Empleo público;Hombres;Valor absoluto;2009T4;1.453,5
Empleo público;Hombres;Valor absoluto;2009T3;1.489,4
Empleo público;Hombres;Valor absoluto;2009T2;1.466,6
Empleo público;Hombres;Valor absoluto;2009T1;1.451
Empleo público;Hombres;Valor absoluto;2008T4;1.442,8
Empleo público;Hombres;Valor absoluto;2008T3;1.402,5
Empleo público;Hombres;Valor absoluto;2008T2;1.380,4
Empleo público;Hombres;Valor absoluto;2008T1;1.344,2
Empleo público;Hombres;Valor absoluto;2007T4;1.396
Empleo público;Hombres;Valor absoluto;2007T3;1.419,5
Empleo público;Hombres;Valor absoluto;2007T2;1.397,1
Empleo público;Hombres;Valor absoluto;2007T1;1.433,8
Empleo público;Hombres;Valor absoluto;2006T4;1.407,5
Empleo público;Hombres;Valor absoluto;2006T3;1.418,1
Empleo público;Hombres;Valor absoluto;2006T2;1.395,9
Empleo público;Hombres;Valor absoluto;2006T1;1.401,7
Empleo público;Hombres;Valor absoluto;2005T4;1.408,7
Empleo público;Hombres;Valor absoluto;2005T3;1.437,4
Empleo público;Hombres;Valor absoluto;2005T2;1.405,9
Empleo público;Hombres;Valor absoluto;2005T1;1.415,1
Empleo público;Hombres;Valor absoluto;2004T4;1.419,9
Empleo público;Hombres;Valor absoluto;2004T3;1.398,1
Empleo público;Hombres;Valor absoluto;2004T2;1.350
Empleo público;Hombres;Valor absoluto;2004T1;1.350,1
Empleo público;Hombres;Valor absoluto;2003T4;1.353,3
Empleo público;Hombres;Valor absoluto;2003T3;1.375,3
Empleo público;Hombres;Valor absoluto;2003T2;1.370,5
Empleo público;Hombres;Valor absoluto;2003T1;1.362,6
Empleo público;Hombres;Valor absoluto;2002T4;1.375,1
Empleo público;Hombres;Valor absoluto;2002T3;1.367,9
Empleo público;Hombres;Valor absoluto;2002T2;1.334,6
Empleo público;Hombres;Valor absoluto;2002T1;1.315,7
Empleo público;Hombres;Porcentaje;2025T4;12,6
Empleo público;Hombres;Porcentaje;2025T3;12,3
Empleo público;Hombres;Porcentaje;2025T2;12,5
Empleo público;Hombres;Porcentaje;2025T1;12,7
Empleo público;Hombres;Porcentaje;2024T4;13,1
Empleo público;Hombres;Porcentaje;2024T3;12,9
Empleo público;Hombres;Porcentaje;2024T2;13,2
Empleo público;Hombres;Porcentaje;2024T1;13,2
Empleo público;Hombres;Porcentaje;2023T4;13,3
Empleo público;Hombres;Porcentaje;2023T3;12,9
Empleo público;Hombres;Porcentaje;2023T2;13,1
Empleo público;Hombres;Porcentaje;2023T1;13,3
Empleo público;Hombres;Porcentaje;2022T4;13,4
Empleo público;Hombres;Porcentaje;2022T3;13,3
Empleo público;Hombres;Porcentaje;2022T2;13,1
Empleo público;Hombres;Porcentaje;2022T1;13,2
Empleo público;Hombres;Porcentaje;2021T4;13
Empleo público;Hombres;Porcentaje;2021T3;13,3
Empleo público;Hombres;Porcentaje;2021T2;13,7
Empleo público;Hombres;Porcentaje;2021T1;13,7
Empleo público;Hombres;Porcentaje;2020T4;13,9
Empleo público;Hombres;Porcentaje;2020T3;14,2
Empleo público;Hombres;Porcentaje;2020T2;14
Empleo público;Hombres;Porcentaje;2020T1;13,3
Empleo público;Hombres;Porcentaje;2019T4;13,1
Empleo público;Hombres;Porcentaje;2019T3;13,1
Empleo público;Hombres;Porcentaje;2019T2;13,1
Empleo público;Hombres;Porcentaje;2019T1;13,4
Empleo público;Hombres;Porcentaje;2018T4;13,4
Empleo público;Hombres;Porcentaje;2018T3;13,2
Empleo público;Hombres;Porcentaje;2018T2;13,1
Empleo público;Hombres;Porcentaje;2018T1;13,3
Empleo público;Hombres;Porcentaje;2017T4;13,1
Empleo público;Hombres;Porcentaje;2017T3;13,1
Empleo público;Hombres;Porcentaje;2017T2;13,1
Empleo público;Hombres;Porcentaje;2017T1;13,2
Empleo público;Hombres;Porcentaje;2016T4;13,4
Empleo público;Hombres;Porcentaje;2016T3;13,4
Empleo público;Hombres;Porcentaje;2016T2;13,4
Empleo público;Hombres;Porcentaje;2016T1;13,8
Empleo público;Hombres;Porcentaje;2015T4;13,8
Empleo público;Hombres;Porcentaje;2015T3;13,9
Empleo público;Hombres;Porcentaje;2015T2;13,9
Empleo público;Hombres;Porcentaje;2015T1;14,3
Empleo público;Hombres;Porcentaje;2014T4;14,2
Empleo público;Hombres;Porcentaje;2014T3;14,2
Empleo público;Hombres;Porcentaje;2014T2;14,5
Empleo público;Hombres;Porcentaje;2014T1;14,7
Empleo público;Hombres;Porcentaje;2013T4;14,3
Empleo público;Hombres;Porcentaje;2013T3;14,6
Empleo público;Hombres;Porcentaje;2013T2;14,3
Empleo público;Hombres;Porcentaje;2013T1;14,6
Empleo público;Hombres;Porcentaje;2012T4;14,5
Empleo público;Hombres;Porcentaje;2012T3;14,2
Empleo público;Hombres;Porcentaje;2012T2;14,5
Empleo público;Hombres;Porcentaje;2012T1;14,9
Empleo público;Hombres;Porcentaje;2011T4;14,7
Empleo público;Hombres;Porcentaje;2011T3;15
Empleo público;Hombres;Porcentaje;2011T2;14,8
Empleo público;Hombres;Porcentaje;2011T1;14,7
Empleo público;Hombres;Porcentaje;2010T4;14,2
Empleo público;Hombres;Porcentaje;2010T3;14,3
Empleo público;Hombres;Porcentaje;2010T2;14
Empleo público;Hombres;Porcentaje;2010T1;14,1
Empleo público;Hombres;Porcentaje;2009T4;13,8
Empleo público;Hombres;Porcentaje;2009T3;13,9
Empleo público;Hombres;Porcentaje;2009T2;13,6
Empleo público;Hombres;Porcentaje;2009T1;13,3
Empleo público;Hombres;Porcentaje;2008T4;12,6
Empleo público;Hombres;Porcentaje;2008T3;11,8
Empleo público;Hombres;Porcentaje;2008T2;11,6
Empleo público;Hombres;Porcentaje;2008T1;11,2
Empleo público;Hombres;Porcentaje;2007T4;11,5
Empleo público;Hombres;Porcentaje;2007T3;11,7
Empleo público;Hombres;Porcentaje;2007T2;11,6
Empleo público;Hombres;Porcentaje;2007T1;12
Empleo público;Hombres;Porcentaje;2006T4;11,8
Empleo público;Hombres;Porcentaje;2006T3;11,9
Empleo público;Hombres;Porcentaje;2006T2;11,9
Empleo público;Hombres;Porcentaje;2006T1;12
Empleo público;Hombres;Porcentaje;2005T4;12,1
Empleo público;Hombres;Porcentaje;2005T3;12,4
Empleo público;Hombres;Porcentaje;2005T2;12,3
Empleo público;Hombres;Porcentaje;2005T1;12,6
Empleo público;Hombres;Porcentaje;2004T4;12,7
Empleo público;Hombres;Porcentaje;2004T3;12,6
Empleo público;Hombres;Porcentaje;2004T2;12,4
Empleo público;Hombres;Porcentaje;2004T1;12,5
Empleo público;Hombres;Porcentaje;2003T4;12,5
Empleo público;Hombres;Porcentaje;2003T3;12,7
Empleo público;Hombres;Porcentaje;2003T2;12,8
Empleo público;Hombres;Porcentaje;2003T1;12,9
Empleo público;Hombres;Porcentaje;2002T4;13,1
Empleo público;Hombres;Porcentaje;2002T3;13
Empleo público;Hombres;Porcentaje;2002T2;12,8
Empleo público;Hombres;Porcentaje;2002T1;12,8
Empleo público;Mujeres;Valor absoluto;2025T4;2.133,7
Empleo público;Mujeres;Valor absoluto;2025T3;2.057,7
Empleo público;Mujeres;Valor absoluto;2025T2;2.040,5
Empleo público;Mujeres;Valor absoluto;2025T1;2.020,6
Empleo público;Mujeres;Valor absoluto;2024T4;2.056,8
Empleo público;Mujeres;Valor absoluto;2024T3;2.026,8
Empleo público;Mujeres;Valor absoluto;2024T2;2.029,3
Empleo público;Mujeres;Valor absoluto;2024T1;2.044,9
Empleo público;Mujeres;Valor absoluto;2023T4;2.055,8
Empleo público;Mujeres;Valor absoluto;2023T3;2.024,7
Empleo público;Mujeres;Valor absoluto;2023T2;2.010,1
Empleo público;Mujeres;Valor absoluto;2023T1;2.016
Empleo público;Mujeres;Valor absoluto;2022T4;2.008,4
Empleo público;Mujeres;Valor absoluto;2022T3;1.981
Empleo público;Mujeres;Valor absoluto;2022T2;1.975,2
Empleo público;Mujeres;Valor absoluto;2022T1;2.007,9
Empleo público;Mujeres;Valor absoluto;2021T4;2.031,8
Empleo público;Mujeres;Valor absoluto;2021T3;2.012,5
Empleo público;Mujeres;Valor absoluto;2021T2;1.948,7
Empleo público;Mujeres;Valor absoluto;2021T1;1.939,7
Empleo público;Mujeres;Valor absoluto;2020T4;1.920,4
Empleo público;Mujeres;Valor absoluto;2020T3;1.853
Empleo público;Mujeres;Valor absoluto;2020T2;1.806,7
Empleo público;Mujeres;Valor absoluto;2020T1;1.826,5
Empleo público;Mujeres;Valor absoluto;2019T4;1.842
Empleo público;Mujeres;Valor absoluto;2019T3;1.810
Empleo público;Mujeres;Valor absoluto;2019T2;1.783,8
Empleo público;Mujeres;Valor absoluto;2019T1;1.796,2
Empleo público;Mujeres;Valor absoluto;2018T4;1.783,6
Empleo público;Mujeres;Valor absoluto;2018T3;1.759,4
Empleo público;Mujeres;Valor absoluto;2018T2;1.742,4
Empleo público;Mujeres;Valor absoluto;2018T1;1.736
Empleo público;Mujeres;Valor absoluto;2017T4;1.719,3
Empleo público;Mujeres;Valor absoluto;2017T3;1.696,5
Empleo público;Mujeres;Valor absoluto;2017T2;1.664,4
Empleo público;Mujeres;Valor absoluto;2017T1;1.643,6
Empleo público;Mujeres;Valor absoluto;2016T4;1.635,7
Empleo público;Mujeres;Valor absoluto;2016T3;1.651,7
Empleo público;Mujeres;Valor absoluto;2016T2;1.657,8
Empleo público;Mujeres;Valor absoluto;2016T1;1.660,7
Empleo público;Mujeres;Valor absoluto;2015T4;1.638,4
Empleo público;Mujeres;Valor absoluto;2015T3;1.612,3
Empleo público;Mujeres;Valor absoluto;2015T2;1.598,2
Empleo público;Mujeres;Valor absoluto;2015T1;1.594
Empleo público;Mujeres;Valor absoluto;2014T4;1.569,6
Empleo público;Mujeres;Valor absoluto;2014T3;1.556,9
Empleo público;Mujeres;Valor absoluto;2014T2;1.563,1
Empleo público;Mujeres;Valor absoluto;2014T1;1.576,5
Empleo público;Mujeres;Valor absoluto;2013T4;1.582,5
Empleo público;Mujeres;Valor absoluto;2013T3;1.577,5
Empleo público;Mujeres;Valor absoluto;2013T2;1.613,3
Empleo público;Mujeres;Valor absoluto;2013T1;1.605,3
Empleo público;Mujeres;Valor absoluto;2012T4;1.653,9
Empleo público;Mujeres;Valor absoluto;2012T3;1.714,1
Empleo público;Mujeres;Valor absoluto;2012T2;1.740,9
Empleo público;Mujeres;Valor absoluto;2012T1;1.754,3
Empleo público;Mujeres;Valor absoluto;2011T4;1.768,4
Empleo público;Mujeres;Valor absoluto;2011T3;1.775,2
Empleo público;Mujeres;Valor absoluto;2011T2;1.784
Empleo público;Mujeres;Valor absoluto;2011T1;1.766,9
Empleo público;Mujeres;Valor absoluto;2010T4;1.777,8
Empleo público;Mujeres;Valor absoluto;2010T3;1.752,4
Empleo público;Mujeres;Valor absoluto;2010T2;1.698,9
Empleo público;Mujeres;Valor absoluto;2010T1;1.701,1
Empleo público;Mujeres;Valor absoluto;2009T4;1.674,2
Empleo público;Mujeres;Valor absoluto;2009T3;1.675,3
Empleo público;Mujeres;Valor absoluto;2009T2;1.639,5
Empleo público;Mujeres;Valor absoluto;2009T1;1.626,4
Empleo público;Mujeres;Valor absoluto;2008T4;1.638,8
Empleo público;Mujeres;Valor absoluto;2008T3;1.638,3
Empleo público;Mujeres;Valor absoluto;2008T2;1.603,1
Empleo público;Mujeres;Valor absoluto;2008T1;1.576,5
Empleo público;Mujeres;Valor absoluto;2007T4;1.573,5
Empleo público;Mujeres;Valor absoluto;2007T3;1.570,8
Empleo público;Mujeres;Valor absoluto;2007T2;1.534,9
Empleo público;Mujeres;Valor absoluto;2007T1;1.553
Empleo público;Mujeres;Valor absoluto;2006T4;1.551,8
Empleo público;Mujeres;Valor absoluto;2006T3;1.526,7
Empleo público;Mujeres;Valor absoluto;2006T2;1.506,8
Empleo público;Mujeres;Valor absoluto;2006T1;1.517,7
Empleo público;Mujeres;Valor absoluto;2005T4;1.507,8
Empleo público;Mujeres;Valor absoluto;2005T3;1.523,2
Empleo público;Mujeres;Valor absoluto;2005T2;1.491,5
Empleo público;Mujeres;Valor absoluto;2005T1;1.478,8
Empleo público;Mujeres;Valor absoluto;2004T4;1.498,7
Empleo público;Mujeres;Valor absoluto;2004T3;1.479,6
Empleo público;Mujeres;Valor absoluto;2004T2;1.441,3
Empleo público;Mujeres;Valor absoluto;2004T1;1.427
Empleo público;Mujeres;Valor absoluto;2003T4;1.411,5
Empleo público;Mujeres;Valor absoluto;2003T3;1.391
Empleo público;Mujeres;Valor absoluto;2003T2;1.358,2
Empleo público;Mujeres;Valor absoluto;2003T1;1.321,5
Empleo público;Mujeres;Valor absoluto;2002T4;1.297,7
Empleo público;Mujeres;Valor absoluto;2002T3;1.281,1
Empleo público;Mujeres;Valor absoluto;2002T2;1.252
Empleo público;Mujeres;Valor absoluto;2002T1;1.253,2
Empleo público;Mujeres;Porcentaje;2025T4;20,4
Empleo público;Mujeres;Porcentaje;2025T3;19,8
Empleo público;Mujeres;Porcentaje;2025T2;19,6
Empleo público;Mujeres;Porcentaje;2025T1;19,9
Empleo público;Mujeres;Porcentaje;2024T4;20,3
Empleo público;Mujeres;Porcentaje;2024T3;20
Empleo público;Mujeres;Porcentaje;2024T2;20,1
Empleo público;Mujeres;Porcentaje;2024T1;20,7
Empleo público;Mujeres;Porcentaje;2023T4;20,7
Empleo público;Mujeres;Porcentaje;2023T3;20,5
Empleo público;Mujeres;Porcentaje;2023T2;20,4
Empleo público;Mujeres;Porcentaje;2023T1;21,1
Empleo público;Mujeres;Porcentaje;2022T4;21,1
Empleo público;Mujeres;Porcentaje;2022T3;21
Empleo público;Mujeres;Porcentaje;2022T2;20,8
Empleo público;Mujeres;Porcentaje;2022T1;21,6
Empleo público;Mujeres;Porcentaje;2021T4;21,7
Empleo público;Mujeres;Porcentaje;2021T3;21,8
Empleo público;Mujeres;Porcentaje;2021T2;21,6
Empleo público;Mujeres;Porcentaje;2021T1;22,1
Empleo público;Mujeres;Porcentaje;2020T4;21,6
Empleo público;Mujeres;Porcentaje;2020T3;21,2
Empleo público;Mujeres;Porcentaje;2020T2;21,3
Empleo público;Mujeres;Porcentaje;2020T1;20,2
Empleo público;Mujeres;Porcentaje;2019T4;20,1
Empleo público;Mujeres;Porcentaje;2019T3;20
Empleo público;Mujeres;Porcentaje;2019T2;19,7
Empleo público;Mujeres;Porcentaje;2019T1;20,2
Empleo público;Mujeres;Porcentaje;2018T4;20
Empleo público;Mujeres;Porcentaje;2018T3;19,8
Empleo público;Mujeres;Porcentaje;2018T2;19,8
Empleo público;Mujeres;Porcentaje;2018T1;20,2
Empleo público;Mujeres;Porcentaje;2017T4;19,9
Empleo público;Mujeres;Porcentaje;2017T3;19,7
Empleo público;Mujeres;Porcentaje;2017T2;19,5
Empleo público;Mujeres;Porcentaje;2017T1;19,6
Empleo público;Mujeres;Porcentaje;2016T4;19,4
Empleo público;Mujeres;Porcentaje;2016T3;19,6
Empleo público;Mujeres;Porcentaje;2016T2;19,9
Empleo público;Mujeres;Porcentaje;2016T1;20,3
Empleo público;Mujeres;Porcentaje;2015T4;19,9
Empleo público;Mujeres;Porcentaje;2015T3;19,8
Empleo público;Mujeres;Porcentaje;2015T2;19,7
Empleo público;Mujeres;Porcentaje;2015T1;20,1
Empleo público;Mujeres;Porcentaje;2014T4;19,6
Empleo público;Mujeres;Porcentaje;2014T3;19,7
Empleo público;Mujeres;Porcentaje;2014T2;19,8
Empleo público;Mujeres;Porcentaje;2014T1;20,3
Empleo público;Mujeres;Porcentaje;2013T4;20,2
Empleo público;Mujeres;Porcentaje;2013T3;20,1
Empleo público;Mujeres;Porcentaje;2013T2;20,6
Empleo público;Mujeres;Porcentaje;2013T1;20,6
Empleo público;Mujeres;Porcentaje;2012T4;20,9
Empleo público;Mujeres;Porcentaje;2012T3;21,4
Empleo público;Mujeres;Porcentaje;2012T2;21,5
Empleo público;Mujeres;Porcentaje;2012T1;21,7
Empleo público;Mujeres;Porcentaje;2011T4;21,6
Empleo público;Mujeres;Porcentaje;2011T3;21,4
Empleo público;Mujeres;Porcentaje;2011T2;21,3
Empleo público;Mujeres;Porcentaje;2011T1;21,5
Empleo público;Mujeres;Porcentaje;2010T4;21,3
Empleo público;Mujeres;Porcentaje;2010T3;21,1
Empleo público;Mujeres;Porcentaje;2010T2;20,5
Empleo público;Mujeres;Porcentaje;2010T1;20,5
Empleo público;Mujeres;Porcentaje;2009T4;20,1
Empleo público;Mujeres;Porcentaje;2009T3;20
Empleo público;Mujeres;Porcentaje;2009T2;19,6
Empleo público;Mujeres;Porcentaje;2009T1;19,4
Empleo público;Mujeres;Porcentaje;2008T4;19
Empleo público;Mujeres;Porcentaje;2008T3;18,8
Empleo público;Mujeres;Porcentaje;2008T2;18,4
Empleo público;Mujeres;Porcentaje;2008T1;18,3
Empleo público;Mujeres;Porcentaje;2007T4;18,2
Empleo público;Mujeres;Porcentaje;2007T3;18,3
Empleo público;Mujeres;Porcentaje;2007T2;18,1
Empleo público;Mujeres;Porcentaje;2007T1;18,6
Empleo público;Mujeres;Porcentaje;2006T4;18,7
Empleo público;Mujeres;Porcentaje;2006T3;18,7
Empleo público;Mujeres;Porcentaje;2006T2;18,6
Empleo público;Mujeres;Porcentaje;2006T1;19,1
Empleo público;Mujeres;Porcentaje;2005T4;19,1
Empleo público;Mujeres;Porcentaje;2005T3;19,5
Empleo público;Mujeres;Porcentaje;2005T2;19,3
Empleo público;Mujeres;Porcentaje;2005T1;19,8
Empleo público;Mujeres;Porcentaje;2004T4;20,4
Empleo público;Mujeres;Porcentaje;2004T3;20,5
Empleo público;Mujeres;Porcentaje;2004T2;20,3
Empleo público;Mujeres;Porcentaje;2004T1;20,5
Empleo público;Mujeres;Porcentaje;2003T4;20,4
Empleo público;Mujeres;Porcentaje;2003T3;20,3
Empleo público;Mujeres;Porcentaje;2003T2;20,2
Empleo público;Mujeres;Porcentaje;2003T1;20,2
Empleo público;Mujeres;Porcentaje;2002T4;19,9
Empleo público;Mujeres;Porcentaje;2002T3;19,9
Empleo público;Mujeres;Porcentaje;2002T2;19,7
Empleo público;Mujeres;Porcentaje;2002T1;20,1
Empleo privado;Ambos sexos;Valor absoluto;2025T4;18.821,9
Empleo privado;Ambos sexos;Valor absoluto;2025T3;18.854,4
Empleo privado;Ambos sexos;Valor absoluto;2025T2;18.746,8
Empleo privado;Ambos sexos;Valor absoluto;2025T1;18.266,3
Empleo privado;Ambos sexos;Valor absoluto;2024T4;18.266,6
Empleo privado;Ambos sexos;Valor absoluto;2024T3;18.282,2
Empleo privado;Ambos sexos;Valor absoluto;2024T2;18.126,8
Empleo privado;Ambos sexos;Valor absoluto;2024T1;17.699
Empleo privado;Ambos sexos;Valor absoluto;2023T4;17.813,1
Empleo privado;Ambos sexos;Valor absoluto;2023T3;17.930,3
Empleo privado;Ambos sexos;Valor absoluto;2023T2;17.754,5
Empleo privado;Ambos sexos;Valor absoluto;2023T1;17.139,2
Empleo privado;Ambos sexos;Valor absoluto;2022T4;17.143,4
Empleo privado;Ambos sexos;Valor absoluto;2022T3;17.257,7
Empleo privado;Ambos sexos;Valor absoluto;2022T2;17.175,2
Empleo privado;Ambos sexos;Valor absoluto;2022T1;16.746,5
Empleo privado;Ambos sexos;Valor absoluto;2021T4;16.817,4
Empleo privado;Ambos sexos;Valor absoluto;2021T3;16.644,4
Empleo privado;Ambos sexos;Valor absoluto;2021T2;16.307,1
Empleo privado;Ambos sexos;Valor absoluto;2021T1;15.870
Empleo privado;Ambos sexos;Valor absoluto;2020T4;15.965,2
Empleo privado;Ambos sexos;Valor absoluto;2020T3;15.839,8
Empleo privado;Ambos sexos;Valor absoluto;2020T2;15.381,3
Empleo privado;Ambos sexos;Valor absoluto;2020T1;16.433,3
Empleo privado;Ambos sexos;Valor absoluto;2019T4;16.713,6
Empleo privado;Ambos sexos;Valor absoluto;2019T3;16.645,7
Empleo privado;Ambos sexos;Valor absoluto;2019T2;16.610,4
Empleo privado;Ambos sexos;Valor absoluto;2019T1;16.257,5
Empleo privado;Ambos sexos;Valor absoluto;2018T4;16.353,6
Empleo privado;Ambos sexos;Valor absoluto;2018T3;16.360,4
Empleo privado;Ambos sexos;Valor absoluto;2018T2;16.226,2
Empleo privado;Ambos sexos;Valor absoluto;2018T1;15.768,4
Empleo privado;Ambos sexos;Valor absoluto;2017T4;15.923,6
Empleo privado;Ambos sexos;Valor absoluto;2017T3;15.987,2
Empleo privado;Ambos sexos;Valor absoluto;2017T2;15.809,5
Empleo privado;Ambos sexos;Valor absoluto;2017T1;15.464,4
Empleo privado;Ambos sexos;Valor absoluto;2016T4;15.522
Empleo privado;Ambos sexos;Valor absoluto;2016T3;15.523,6
Empleo privado;Ambos sexos;Valor absoluto;2016T2;15.305,9
Empleo privado;Ambos sexos;Valor absoluto;2016T1;15.011,3
Empleo privado;Ambos sexos;Valor absoluto;2015T4;15.093,5
Empleo privado;Ambos sexos;Valor absoluto;2015T3;15.062,3
Empleo privado;Ambos sexos;Valor absoluto;2015T2;14.910,2
Empleo privado;Ambos sexos;Valor absoluto;2015T1;14.498,1
Empleo privado;Ambos sexos;Valor absoluto;2014T4;14.641,5
Empleo privado;Ambos sexos;Valor absoluto;2014T3;14.578,4
Empleo privado;Ambos sexos;Valor absoluto;2014T2;14.423,5
Empleo privado;Ambos sexos;Valor absoluto;2014T1;14.030,1
Empleo privado;Ambos sexos;Valor absoluto;2013T4;14.225,8
Empleo privado;Ambos sexos;Valor absoluto;2013T3;14.286,8
Empleo privado;Ambos sexos;Valor absoluto;2013T2;14.215,5
Empleo privado;Ambos sexos;Valor absoluto;2013T1;14.078,5
Empleo privado;Ambos sexos;Valor absoluto;2012T4;14.318,3
Empleo privado;Ambos sexos;Valor absoluto;2012T3;14.580,4
Empleo privado;Ambos sexos;Valor absoluto;2012T2;14.617,9
Empleo privado;Ambos sexos;Valor absoluto;2012T1;14.564,6
Empleo privado;Ambos sexos;Valor absoluto;2011T4;14.918,3
Empleo privado;Ambos sexos;Valor absoluto;2011T3;15.177,8
Empleo privado;Ambos sexos;Valor absoluto;2011T2;15.322,6
Empleo privado;Ambos sexos;Valor absoluto;2011T1;15.158,6
Empleo privado;Ambos sexos;Valor absoluto;2010T4;15.424,6
Empleo privado;Ambos sexos;Valor absoluto;2010T3;15.559,8
Empleo privado;Ambos sexos;Valor absoluto;2010T2;15.582,7
Empleo privado;Ambos sexos;Valor absoluto;2010T1;15.492,4
Empleo privado;Ambos sexos;Valor absoluto;2009T4;15.762,8
Empleo privado;Ambos sexos;Valor absoluto;2009T3;15.933,7
Empleo privado;Ambos sexos;Valor absoluto;2009T2;16.048,1
Empleo privado;Ambos sexos;Valor absoluto;2009T1;16.207,1
Empleo privado;Ambos sexos;Valor absoluto;2008T4;16.973,7
Empleo privado;Ambos sexos;Valor absoluto;2008T3;17.515,6
Empleo privado;Ambos sexos;Valor absoluto;2008T2;17.663,5
Empleo privado;Ambos sexos;Valor absoluto;2008T1;17.699,2
Empleo privado;Ambos sexos;Valor absoluto;2007T4;17.748,4
Empleo privado;Ambos sexos;Valor absoluto;2007T3;17.763,1
Empleo privado;Ambos sexos;Valor absoluto;2007T2;17.649
Empleo privado;Ambos sexos;Valor absoluto;2007T1;17.280,7
Empleo privado;Ambos sexos;Valor absoluto;2006T4;17.236,2
Empleo privado;Ambos sexos;Valor absoluto;2006T3;17.146,2
Empleo privado;Ambos sexos;Valor absoluto;2006T2;16.988,9
Empleo privado;Ambos sexos;Valor absoluto;2006T1;16.659,1
Empleo privado;Ambos sexos;Valor absoluto;2005T4;16.592,8
Empleo privado;Ambos sexos;Valor absoluto;2005T3;16.461,5
Empleo privado;Ambos sexos;Valor absoluto;2005T2;16.263,2
Empleo privado;Ambos sexos;Valor absoluto;2005T1;15.842,2
Empleo privado;Ambos sexos;Valor absoluto;2004T4;15.572,3
Empleo privado;Ambos sexos;Valor absoluto;2004T3;15.411,4
Empleo privado;Ambos sexos;Valor absoluto;2004T2;15.227,7
Empleo privado;Ambos sexos;Valor absoluto;2004T1;14.993
Empleo privado;Ambos sexos;Valor absoluto;2003T4;14.975,7
Empleo privado;Ambos sexos;Valor absoluto;2003T3;14.879,6
Empleo privado;Ambos sexos;Valor absoluto;2003T2;14.694,6
Empleo privado;Ambos sexos;Valor absoluto;2003T1;14.408,6
Empleo privado;Ambos sexos;Valor absoluto;2002T4;14.319,2
Empleo privado;Ambos sexos;Valor absoluto;2002T3;14.270,3
Empleo privado;Ambos sexos;Valor absoluto;2002T2;14.180,3
Empleo privado;Ambos sexos;Valor absoluto;2002T1;13.913,3
Empleo privado;Ambos sexos;Porcentaje;2025T4;83,8
Empleo privado;Ambos sexos;Porcentaje;2025T3;84,2
Empleo privado;Ambos sexos;Porcentaje;2025T2;84,2
Empleo privado;Ambos sexos;Porcentaje;2025T1;83,9
Empleo privado;Ambos sexos;Porcentaje;2024T4;83,6
Empleo privado;Ambos sexos;Porcentaje;2024T3;83,8
Empleo privado;Ambos sexos;Porcentaje;2024T2;83,6
Empleo privado;Ambos sexos;Porcentaje;2024T1;83,3
Empleo privado;Ambos sexos;Porcentaje;2023T4;83,3
Empleo privado;Ambos sexos;Porcentaje;2023T3;83,6
Empleo privado;Ambos sexos;Porcentaje;2023T2;83,5
Empleo privado;Ambos sexos;Porcentaje;2023T1;83,1
Empleo privado;Ambos sexos;Porcentaje;2022T4;83,1
Empleo privado;Ambos sexos;Porcentaje;2022T3;83,2
Empleo privado;Ambos sexos;Porcentaje;2022T2;83,3
Empleo privado;Ambos sexos;Porcentaje;2022T1;82,9
Empleo privado;Ambos sexos;Porcentaje;2021T4;82,9
Empleo privado;Ambos sexos;Porcentaje;2021T3;82,8
Empleo privado;Ambos sexos;Porcentaje;2021T2;82,7
Empleo privado;Ambos sexos;Porcentaje;2021T1;82,5
Empleo privado;Ambos sexos;Porcentaje;2020T4;82,5
Empleo privado;Ambos sexos;Porcentaje;2020T3;82,6
Empleo privado;Ambos sexos;Porcentaje;2020T2;82,7
Empleo privado;Ambos sexos;Porcentaje;2020T1;83,5
Empleo privado;Ambos sexos;Porcentaje;2019T4;83,7
Empleo privado;Ambos sexos;Porcentaje;2019T3;83,8
Empleo privado;Ambos sexos;Porcentaje;2019T2;83,9
Empleo privado;Ambos sexos;Porcentaje;2019T1;83,5
Empleo privado;Ambos sexos;Porcentaje;2018T4;83,6
Empleo privado;Ambos sexos;Porcentaje;2018T3;83,8
Empleo privado;Ambos sexos;Porcentaje;2018T2;83,9
Empleo privado;Ambos sexos;Porcentaje;2018T1;83,5
Empleo privado;Ambos sexos;Porcentaje;2017T4;83,8
Empleo privado;Ambos sexos;Porcentaje;2017T3;83,9
Empleo privado;Ambos sexos;Porcentaje;2017T2;84
Empleo privado;Ambos sexos;Porcentaje;2017T1;83,9
Empleo privado;Ambos sexos;Porcentaje;2016T4;83,9
Empleo privado;Ambos sexos;Porcentaje;2016T3;83,8
Empleo privado;Ambos sexos;Porcentaje;2016T2;83,6
Empleo privado;Ambos sexos;Porcentaje;2016T1;83,3
Empleo privado;Ambos sexos;Porcentaje;2015T4;83,4
Empleo privado;Ambos sexos;Porcentaje;2015T3;83,5
Empleo privado;Ambos sexos;Porcentaje;2015T2;83,5
Empleo privado;Ambos sexos;Porcentaje;2015T1;83,1
Empleo privado;Ambos sexos;Porcentaje;2014T4;83,3
Empleo privado;Ambos sexos;Porcentaje;2014T3;83,3
Empleo privado;Ambos sexos;Porcentaje;2014T2;83,1
Empleo privado;Ambos sexos;Porcentaje;2014T1;82,8
Empleo privado;Ambos sexos;Porcentaje;2013T4;83
Empleo privado;Ambos sexos;Porcentaje;2013T3;82,9
Empleo privado;Ambos sexos;Porcentaje;2013T2;82,8
Empleo privado;Ambos sexos;Porcentaje;2013T1;82,7
Empleo privado;Ambos sexos;Porcentaje;2012T4;82,6
Empleo privado;Ambos sexos;Porcentaje;2012T3;82,5
Empleo privado;Ambos sexos;Porcentaje;2012T2;82,3
Empleo privado;Ambos sexos;Porcentaje;2012T1;82
Empleo privado;Ambos sexos;Porcentaje;2011T4;82,2
Empleo privado;Ambos sexos;Porcentaje;2011T3;82,1
Empleo privado;Ambos sexos;Porcentaje;2011T2;82,3
Empleo privado;Ambos sexos;Porcentaje;2011T1;82,3
Empleo privado;Ambos sexos;Porcentaje;2010T4;82,6
Empleo privado;Ambos sexos;Porcentaje;2010T3;82,7
Empleo privado;Ambos sexos;Porcentaje;2010T2;83,1
Empleo privado;Ambos sexos;Porcentaje;2010T1;83,1
Empleo privado;Ambos sexos;Porcentaje;2009T4;83,4
Empleo privado;Ambos sexos;Porcentaje;2009T3;83,4
Empleo privado;Ambos sexos;Porcentaje;2009T2;83,8
Empleo privado;Ambos sexos;Porcentaje;2009T1;84
Empleo privado;Ambos sexos;Porcentaje;2008T4;84,6
Empleo privado;Ambos sexos;Porcentaje;2008T3;85,2
Empleo privado;Ambos sexos;Porcentaje;2008T2;85,6
Empleo privado;Ambos sexos;Porcentaje;2008T1;85,8
Empleo privado;Ambos sexos;Porcentaje;2007T4;85,7
Empleo privado;Ambos sexos;Porcentaje;2007T3;85,6
Empleo privado;Ambos sexos;Porcentaje;2007T2;85,8
Empleo privado;Ambos sexos;Porcentaje;2007T1;85,3
Empleo privado;Ambos sexos;Porcentaje;2006T4;85,3
Empleo privado;Ambos sexos;Porcentaje;2006T3;85,3
Empleo privado;Ambos sexos;Porcentaje;2006T2;85,4
Empleo privado;Ambos sexos;Porcentaje;2006T1;85,1
Empleo privado;Ambos sexos;Porcentaje;2005T4;85,1
Empleo privado;Ambos sexos;Porcentaje;2005T3;84,8
Empleo privado;Ambos sexos;Porcentaje;2005T2;84,9
Empleo privado;Ambos sexos;Porcentaje;2005T1;84,6
Empleo privado;Ambos sexos;Porcentaje;2004T4;84,2
Empleo privado;Ambos sexos;Porcentaje;2004T3;84,3
Empleo privado;Ambos sexos;Porcentaje;2004T2;84,5
Empleo privado;Ambos sexos;Porcentaje;2004T1;84,4
Empleo privado;Ambos sexos;Porcentaje;2003T4;84,4
Empleo privado;Ambos sexos;Porcentaje;2003T3;84,3
Empleo privado;Ambos sexos;Porcentaje;2003T2;84,3
Empleo privado;Ambos sexos;Porcentaje;2003T1;84,3
Empleo privado;Ambos sexos;Porcentaje;2002T4;84,3
Empleo privado;Ambos sexos;Porcentaje;2002T3;84,3
Empleo privado;Ambos sexos;Porcentaje;2002T2;84,6
Empleo privado;Ambos sexos;Porcentaje;2002T1;84,4
Empleo privado;Hombres;Valor absoluto;2025T4;10.498,1
Empleo privado;Hombres;Valor absoluto;2025T3;10.510,4
Empleo privado;Hombres;Valor absoluto;2025T2;10.397
Empleo privado;Hombres;Valor absoluto;2025T1;10.134,1
Empleo privado;Hombres;Valor absoluto;2024T4;10.172,2
Empleo privado;Hombres;Valor absoluto;2024T3;10.196,4
Empleo privado;Hombres;Valor absoluto;2024T2;10.066,9
Empleo privado;Hombres;Valor absoluto;2024T1;9.886,9
Empleo privado;Hombres;Valor absoluto;2023T4;9.925,1
Empleo privado;Hombres;Valor absoluto;2023T3;10.054,4
Empleo privado;Hombres;Valor absoluto;2023T2;9.929,9
Empleo privado;Hombres;Valor absoluto;2023T1;9.612,1
Empleo privado;Hombres;Valor absoluto;2022T4;9.647,2
Empleo privado;Hombres;Valor absoluto;2022T3;9.785,9
Empleo privado;Hombres;Valor absoluto;2022T2;9.667
Empleo privado;Hombres;Valor absoluto;2022T1;9.463,6
Empleo privado;Hombres;Valor absoluto;2021T4;9.505,1
Empleo privado;Hombres;Valor absoluto;2021T3;9.426,9
Empleo privado;Hombres;Valor absoluto;2021T2;9.217,9
Empleo privado;Hombres;Valor absoluto;2021T1;9.020,5
Empleo privado;Hombres;Valor absoluto;2020T4;9.011
Empleo privado;Hombres;Valor absoluto;2020T3;8.970,1
Empleo privado;Hombres;Valor absoluto;2020T2;8.714,2
Empleo privado;Hombres;Valor absoluto;2020T1;9.239,7
Empleo privado;Hombres;Valor absoluto;2019T4;9.397,3
Empleo privado;Hombres;Valor absoluto;2019T3;9.405,9
Empleo privado;Hombres;Valor absoluto;2019T2;9.339,5
Empleo privado;Hombres;Valor absoluto;2019T1;9.181,6
Empleo privado;Hombres;Valor absoluto;2018T4;9.225,7
Empleo privado;Hombres;Valor absoluto;2018T3;9.254,2
Empleo privado;Hombres;Valor absoluto;2018T2;9.152,9
Empleo privado;Hombres;Valor absoluto;2018T1;8.914,2
Empleo privado;Hombres;Valor absoluto;2017T4;8.983,8
Empleo privado;Hombres;Valor absoluto;2017T3;9.055
Empleo privado;Hombres;Valor absoluto;2017T2;8.917,5
Empleo privado;Hombres;Valor absoluto;2017T1;8.718,2
Empleo privado;Hombres;Valor absoluto;2016T4;8.721,5
Empleo privado;Hombres;Valor absoluto;2016T3;8.760,5
Empleo privado;Hombres;Valor absoluto;2016T2;8.633,9
Empleo privado;Hombres;Valor absoluto;2016T1;8.489,9
Empleo privado;Hombres;Valor absoluto;2015T4;8.501
Empleo privado;Hombres;Valor absoluto;2015T3;8.522,4
Empleo privado;Hombres;Valor absoluto;2015T2;8.403,2
Empleo privado;Hombres;Valor absoluto;2015T1;8.157,4
Empleo privado;Hombres;Valor absoluto;2014T4;8.200,3
Empleo privado;Hombres;Valor absoluto;2014T3;8.237,2
Empleo privado;Hombres;Valor absoluto;2014T2;8.074,6
Empleo privado;Hombres;Valor absoluto;2014T1;7.821,6
Empleo privado;Hombres;Valor absoluto;2013T4;7.979,9
Empleo privado;Hombres;Valor absoluto;2013T3;8.019,2
Empleo privado;Hombres;Valor absoluto;2013T2;8.001,5
Empleo privado;Hombres;Valor absoluto;2013T1;7.891,8
Empleo privado;Hombres;Valor absoluto;2012T4;8.068,5
Empleo privado;Hombres;Valor absoluto;2012T3;8.272,6
Empleo privado;Hombres;Valor absoluto;2012T2;8.263,5
Empleo privado;Hombres;Valor absoluto;2012T1;8.241,9
Empleo privado;Hombres;Valor absoluto;2011T4;8.514
Empleo privado;Hombres;Valor absoluto;2011T3;8.672,7
Empleo privado;Hombres;Valor absoluto;2011T2;8.713,8
Empleo privado;Hombres;Valor absoluto;2011T1;8.695,8
Empleo privado;Hombres;Valor absoluto;2010T4;8.868,6
Empleo privado;Hombres;Valor absoluto;2010T3;9.007,4
Empleo privado;Hombres;Valor absoluto;2010T2;9.000,7
Empleo privado;Hombres;Valor absoluto;2010T1;8.910
Empleo privado;Hombres;Valor absoluto;2009T4;9.097,3
Empleo privado;Hombres;Valor absoluto;2009T3;9.215,9
Empleo privado;Hombres;Valor absoluto;2009T2;9.310,5
Empleo privado;Hombres;Valor absoluto;2009T1;9.448,2
Empleo privado;Hombres;Valor absoluto;2008T4;9.972,1
Empleo privado;Hombres;Valor absoluto;2008T3;10.439
Empleo privado;Hombres;Valor absoluto;2008T2;10.569,8
Empleo privado;Hombres;Valor absoluto;2008T1;10.669,8
Empleo privado;Hombres;Valor absoluto;2007T4;10.690,6
Empleo privado;Hombres;Valor absoluto;2007T3;10.756,4
Empleo privado;Hombres;Valor absoluto;2007T2;10.686,2
Empleo privado;Hombres;Valor absoluto;2007T1;10.489,9
Empleo privado;Hombres;Valor absoluto;2006T4;10.487,7
Empleo privado;Hombres;Valor absoluto;2006T3;10.510,9
Empleo privado;Hombres;Valor absoluto;2006T2;10.376,8
Empleo privado;Hombres;Valor absoluto;2006T1;10.235,6
Empleo privado;Hombres;Valor absoluto;2005T4;10.213,3
Empleo privado;Hombres;Valor absoluto;2005T3;10.183,3
Empleo privado;Hombres;Valor absoluto;2005T2;10.027,9
Empleo privado;Hombres;Valor absoluto;2005T1;9.848,5
Empleo privado;Hombres;Valor absoluto;2004T4;9.735,2
Empleo privado;Hombres;Valor absoluto;2004T3;9.670,8
Empleo privado;Hombres;Valor absoluto;2004T2;9.575,3
Empleo privado;Hombres;Valor absoluto;2004T1;9.452,9
Empleo privado;Hombres;Valor absoluto;2003T4;9.458,5
Empleo privado;Hombres;Valor absoluto;2003T3;9.435
Empleo privado;Hombres;Valor absoluto;2003T2;9.326,1
Empleo privado;Hombres;Valor absoluto;2003T1;9.177,9
Empleo privado;Hombres;Valor absoluto;2002T4;9.105,8
Empleo privado;Hombres;Valor absoluto;2002T3;9.123,9
Empleo privado;Hombres;Valor absoluto;2002T2;9.067,7
Empleo privado;Hombres;Valor absoluto;2002T1;8.940,5
Empleo privado;Hombres;Porcentaje;2025T4;87,4
Empleo privado;Hombres;Porcentaje;2025T3;87,7
Empleo privado;Hombres;Porcentaje;2025T2;87,5
Empleo privado;Hombres;Porcentaje;2025T1;87,3
Empleo privado;Hombres;Porcentaje;2024T4;86,9
Empleo privado;Hombres;Porcentaje;2024T3;87,1
Empleo privado;Hombres;Porcentaje;2024T2;86,8
Empleo privado;Hombres;Porcentaje;2024T1;86,8
Empleo privado;Hombres;Porcentaje;2023T4;86,7
Empleo privado;Hombres;Porcentaje;2023T3;87,1
Empleo privado;Hombres;Porcentaje;2023T2;86,9
Empleo privado;Hombres;Porcentaje;2023T1;86,7
Empleo privado;Hombres;Porcentaje;2022T4;86,6
Empleo privado;Hombres;Porcentaje;2022T3;86,7
Empleo privado;Hombres;Porcentaje;2022T2;86,9
Empleo privado;Hombres;Porcentaje;2022T1;86,8
Empleo privado;Hombres;Porcentaje;2021T4;87
Empleo privado;Hombres;Porcentaje;2021T3;86,7
Empleo privado;Hombres;Porcentaje;2021T2;86,3
Empleo privado;Hombres;Porcentaje;2021T1;86,3
Empleo privado;Hombres;Porcentaje;2020T4;86,1
Empleo privado;Hombres;Porcentaje;2020T3;85,8
Empleo privado;Hombres;Porcentaje;2020T2;86
Empleo privado;Hombres;Porcentaje;2020T1;86,7
Empleo privado;Hombres;Porcentaje;2019T4;86,9
Empleo privado;Hombres;Porcentaje;2019T3;86,9
Empleo privado;Hombres;Porcentaje;2019T2;86,9
Empleo privado;Hombres;Porcentaje;2019T1;86,6
Empleo privado;Hombres;Porcentaje;2018T4;86,6
Empleo privado;Hombres;Porcentaje;2018T3;86,8
Empleo privado;Hombres;Porcentaje;2018T2;86,9
Empleo privado;Hombres;Porcentaje;2018T1;86,7
Empleo privado;Hombres;Porcentaje;2017T4;86,9
Empleo privado;Hombres;Porcentaje;2017T3;86,9
Empleo privado;Hombres;Porcentaje;2017T2;86,9
Empleo privado;Hombres;Porcentaje;2017T1;86,8
Empleo privado;Hombres;Porcentaje;2016T4;86,6
Empleo privado;Hombres;Porcentaje;2016T3;86,6
Empleo privado;Hombres;Porcentaje;2016T2;86,6
Empleo privado;Hombres;Porcentaje;2016T1;86,2
Empleo privado;Hombres;Porcentaje;2015T4;86,2
Empleo privado;Hombres;Porcentaje;2015T3;86,1
Empleo privado;Hombres;Porcentaje;2015T2;86,1
Empleo privado;Hombres;Porcentaje;2015T1;85,7
Empleo privado;Hombres;Porcentaje;2014T4;85,8
Empleo privado;Hombres;Porcentaje;2014T3;85,8
Empleo privado;Hombres;Porcentaje;2014T2;85,5
Empleo privado;Hombres;Porcentaje;2014T1;85,3
Empleo privado;Hombres;Porcentaje;2013T4;85,7
Empleo privado;Hombres;Porcentaje;2013T3;85,4
Empleo privado;Hombres;Porcentaje;2013T2;85,7
Empleo privado;Hombres;Porcentaje;2013T1;85,4
Empleo privado;Hombres;Porcentaje;2012T4;85,5
Empleo privado;Hombres;Porcentaje;2012T3;85,8
Empleo privado;Hombres;Porcentaje;2012T2;85,5
Empleo privado;Hombres;Porcentaje;2012T1;85,1
Empleo privado;Hombres;Porcentaje;2011T4;85,3
Empleo privado;Hombres;Porcentaje;2011T3;85
Empleo privado;Hombres;Porcentaje;2011T2;85,2
Empleo privado;Hombres;Porcentaje;2011T1;85,3
Empleo privado;Hombres;Porcentaje;2010T4;85,8
Empleo privado;Hombres;Porcentaje;2010T3;85,7
Empleo privado;Hombres;Porcentaje;2010T2;86
Empleo privado;Hombres;Porcentaje;2010T1;85,9
Empleo privado;Hombres;Porcentaje;2009T4;86,2
Empleo privado;Hombres;Porcentaje;2009T3;86,1
Empleo privado;Hombres;Porcentaje;2009T2;86,4
Empleo privado;Hombres;Porcentaje;2009T1;86,7
Empleo privado;Hombres;Porcentaje;2008T4;87,4
Empleo privado;Hombres;Porcentaje;2008T3;88,2
Empleo privado;Hombres;Porcentaje;2008T2;88,4
Empleo privado;Hombres;Porcentaje;2008T1;88,8
Empleo privado;Hombres;Porcentaje;2007T4;88,5
Empleo privado;Hombres;Porcentaje;2007T3;88,3
Empleo privado;Hombres;Porcentaje;2007T2;88,4
Empleo privado;Hombres;Porcentaje;2007T1;88
Empleo privado;Hombres;Porcentaje;2006T4;88,2
Empleo privado;Hombres;Porcentaje;2006T3;88,1
Empleo privado;Hombres;Porcentaje;2006T2;88,1
Empleo privado;Hombres;Porcentaje;2006T1;88
Empleo privado;Hombres;Porcentaje;2005T4;87,9
Empleo privado;Hombres;Porcentaje;2005T3;87,6
Empleo privado;Hombres;Porcentaje;2005T2;87,7
Empleo privado;Hombres;Porcentaje;2005T1;87,4
Empleo privado;Hombres;Porcentaje;2004T4;87,3
Empleo privado;Hombres;Porcentaje;2004T3;87,4
Empleo privado;Hombres;Porcentaje;2004T2;87,6
Empleo privado;Hombres;Porcentaje;2004T1;87,5
Empleo privado;Hombres;Porcentaje;2003T4;87,5
Empleo privado;Hombres;Porcentaje;2003T3;87,3
Empleo privado;Hombres;Porcentaje;2003T2;87,2
Empleo privado;Hombres;Porcentaje;2003T1;87,1
Empleo privado;Hombres;Porcentaje;2002T4;86,9
Empleo privado;Hombres;Porcentaje;2002T3;87
Empleo privado;Hombres;Porcentaje;2002T2;87,2
Empleo privado;Hombres;Porcentaje;2002T1;87,2
Empleo privado;Mujeres;Valor absoluto;2025T4;8.323,8
Empleo privado;Mujeres;Valor absoluto;2025T3;8.343,9
Empleo privado;Mujeres;Valor absoluto;2025T2;8.349,8
Empleo privado;Mujeres;Valor absoluto;2025T1;8.132,2
Empleo privado;Mujeres;Valor absoluto;2024T4;8.094,5
Empleo privado;Mujeres;Valor absoluto;2024T3;8.085,8
Empleo privado;Mujeres;Valor absoluto;2024T2;8.059,8
Empleo privado;Mujeres;Valor absoluto;2024T1;7.812,1
Empleo privado;Mujeres;Valor absoluto;2023T4;7.888
Empleo privado;Mujeres;Valor absoluto;2023T3;7.875,9
Empleo privado;Mujeres;Valor absoluto;2023T2;7.824,7
Empleo privado;Mujeres;Valor absoluto;2023T1;7.527
Empleo privado;Mujeres;Valor absoluto;2022T4;7.496,3
Empleo privado;Mujeres;Valor absoluto;2022T3;7.471,8
Empleo privado;Mujeres;Valor absoluto;2022T2;7.508,2
Empleo privado;Mujeres;Valor absoluto;2022T1;7.282,9
Empleo privado;Mujeres;Valor absoluto;2021T4;7.312,2
Empleo privado;Mujeres;Valor absoluto;2021T3;7.217,5
Empleo privado;Mujeres;Valor absoluto;2021T2;7.089,2
Empleo privado;Mujeres;Valor absoluto;2021T1;6.849,5
Empleo privado;Mujeres;Valor absoluto;2020T4;6.954,1
Empleo privado;Mujeres;Valor absoluto;2020T3;6.869,7
Empleo privado;Mujeres;Valor absoluto;2020T2;6.667,1
Empleo privado;Mujeres;Valor absoluto;2020T1;7.193,6
Empleo privado;Mujeres;Valor absoluto;2019T4;7.316,2
Empleo privado;Mujeres;Valor absoluto;2019T3;7.239,8
Empleo privado;Mujeres;Valor absoluto;2019T2;7.270,9
Empleo privado;Mujeres;Valor absoluto;2019T1;7.075,9
Empleo privado;Mujeres;Valor absoluto;2018T4;7.127,9
Empleo privado;Mujeres;Valor absoluto;2018T3;7.106,2
Empleo privado;Mujeres;Valor absoluto;2018T2;7.073,3
Empleo privado;Mujeres;Valor absoluto;2018T1;6.854,2
Empleo privado;Mujeres;Valor absoluto;2017T4;6.939,8
Empleo privado;Mujeres;Valor absoluto;2017T3;6.932,2
Empleo privado;Mujeres;Valor absoluto;2017T2;6.892
Empleo privado;Mujeres;Valor absoluto;2017T1;6.746,2
Empleo privado;Mujeres;Valor absoluto;2016T4;6.800,5
Empleo privado;Mujeres;Valor absoluto;2016T3;6.763,1
Empleo privado;Mujeres;Valor absoluto;2016T2;6.672
Empleo privado;Mujeres;Valor absoluto;2016T1;6.521,5
Empleo privado;Mujeres;Valor absoluto;2015T4;6.592,5
Empleo privado;Mujeres;Valor absoluto;2015T3;6.539,9
Empleo privado;Mujeres;Valor absoluto;2015T2;6.507
Empleo privado;Mujeres;Valor absoluto;2015T1;6.340,6
Empleo privado;Mujeres;Valor absoluto;2014T4;6.441,3
Empleo privado;Mujeres;Valor absoluto;2014T3;6.341,2
Empleo privado;Mujeres;Valor absoluto;2014T2;6.348,9
Empleo privado;Mujeres;Valor absoluto;2014T1;6.208,5
Empleo privado;Mujeres;Valor absoluto;2013T4;6.246
Empleo privado;Mujeres;Valor absoluto;2013T3;6.267,7
Empleo privado;Mujeres;Valor absoluto;2013T2;6.214,1
Empleo privado;Mujeres;Valor absoluto;2013T1;6.186,7
Empleo privado;Mujeres;Valor absoluto;2012T4;6.249,8
Empleo privado;Mujeres;Valor absoluto;2012T3;6.307,8
Empleo privado;Mujeres;Valor absoluto;2012T2;6.354,4
Empleo privado;Mujeres;Valor absoluto;2012T1;6.322,7
Empleo privado;Mujeres;Valor absoluto;2011T4;6.404,4
Empleo privado;Mujeres;Valor absoluto;2011T3;6.505,2
Empleo privado;Mujeres;Valor absoluto;2011T2;6.608,9
Empleo privado;Mujeres;Valor absoluto;2011T1;6.462,8
Empleo privado;Mujeres;Valor absoluto;2010T4;6.556
Empleo privado;Mujeres;Valor absoluto;2010T3;6.552,4
Empleo privado;Mujeres;Valor absoluto;2010T2;6.582
Empleo privado;Mujeres;Valor absoluto;2010T1;6.582,4
Empleo privado;Mujeres;Valor absoluto;2009T4;6.665,5
Empleo privado;Mujeres;Valor absoluto;2009T3;6.717,8
Empleo privado;Mujeres;Valor absoluto;2009T2;6.737,7
Empleo privado;Mujeres;Valor absoluto;2009T1;6.758,8
Empleo privado;Mujeres;Valor absoluto;2008T4;7.001,7
Empleo privado;Mujeres;Valor absoluto;2008T3;7.076,5
Empleo privado;Mujeres;Valor absoluto;2008T2;7.093,7
Empleo privado;Mujeres;Valor absoluto;2008T1;7.029,4
Empleo privado;Mujeres;Valor absoluto;2007T4;7.057,8
Empleo privado;Mujeres;Valor absoluto;2007T3;7.006,7
Empleo privado;Mujeres;Valor absoluto;2007T2;6.962,8
Empleo privado;Mujeres;Valor absoluto;2007T1;6.790,8
Empleo privado;Mujeres;Valor absoluto;2006T4;6.748,5
Empleo privado;Mujeres;Valor absoluto;2006T3;6.635,3
Empleo privado;Mujeres;Valor absoluto;2006T2;6.612,1
Empleo privado;Mujeres;Valor absoluto;2006T1;6.423,5
Empleo privado;Mujeres;Valor absoluto;2005T4;6.379,5
Empleo privado;Mujeres;Valor absoluto;2005T3;6.278,2
Empleo privado;Mujeres;Valor absoluto;2005T2;6.235,3
Empleo privado;Mujeres;Valor absoluto;2005T1;5.993,6
Empleo privado;Mujeres;Valor absoluto;2004T4;5.837,1
Empleo privado;Mujeres;Valor absoluto;2004T3;5.740,6
Empleo privado;Mujeres;Valor absoluto;2004T2;5.652,4
Empleo privado;Mujeres;Valor absoluto;2004T1;5.540,1
Empleo privado;Mujeres;Valor absoluto;2003T4;5.517,1
Empleo privado;Mujeres;Valor absoluto;2003T3;5.444,7
Empleo privado;Mujeres;Valor absoluto;2003T2;5.368,5
Empleo privado;Mujeres;Valor absoluto;2003T1;5.230,6
Empleo privado;Mujeres;Valor absoluto;2002T4;5.213,4
Empleo privado;Mujeres;Valor absoluto;2002T3;5.146,4
Empleo privado;Mujeres;Valor absoluto;2002T2;5.112,7
Empleo privado;Mujeres;Valor absoluto;2002T1;4.972,8
Empleo privado;Mujeres;Porcentaje;2025T4;79,6
Empleo privado;Mujeres;Porcentaje;2025T3;80,2
Empleo privado;Mujeres;Porcentaje;2025T2;80,4
Empleo privado;Mujeres;Porcentaje;2025T1;80,1
Empleo privado;Mujeres;Porcentaje;2024T4;79,7
Empleo privado;Mujeres;Porcentaje;2024T3;80
Empleo privado;Mujeres;Porcentaje;2024T2;79,9
Empleo privado;Mujeres;Porcentaje;2024T1;79,3
Empleo privado;Mujeres;Porcentaje;2023T4;79,3
Empleo privado;Mujeres;Porcentaje;2023T3;79,5
Empleo privado;Mujeres;Porcentaje;2023T2;79,6
Empleo privado;Mujeres;Porcentaje;2023T1;78,9
Empleo privado;Mujeres;Porcentaje;2022T4;78,9
Empleo privado;Mujeres;Porcentaje;2022T3;79
Empleo privado;Mujeres;Porcentaje;2022T2;79,2
Empleo privado;Mujeres;Porcentaje;2022T1;78,4
Empleo privado;Mujeres;Porcentaje;2021T4;78,3
Empleo privado;Mujeres;Porcentaje;2021T3;78,2
Empleo privado;Mujeres;Porcentaje;2021T2;78,4
Empleo privado;Mujeres;Porcentaje;2021T1;77,9
Empleo privado;Mujeres;Porcentaje;2020T4;78,4
Empleo privado;Mujeres;Porcentaje;2020T3;78,8
Empleo privado;Mujeres;Porcentaje;2020T2;78,7
Empleo privado;Mujeres;Porcentaje;2020T1;79,8
Empleo privado;Mujeres;Porcentaje;2019T4;79,9
Empleo privado;Mujeres;Porcentaje;2019T3;80
Empleo privado;Mujeres;Porcentaje;2019T2;80,3
Empleo privado;Mujeres;Porcentaje;2019T1;79,8
Empleo privado;Mujeres;Porcentaje;2018T4;80
Empleo privado;Mujeres;Porcentaje;2018T3;80,2
Empleo privado;Mujeres;Porcentaje;2018T2;80,2
Empleo privado;Mujeres;Porcentaje;2018T1;79,8
Empleo privado;Mujeres;Porcentaje;2017T4;80,1
Empleo privado;Mujeres;Porcentaje;2017T3;80,3
Empleo privado;Mujeres;Porcentaje;2017T2;80,5
Empleo privado;Mujeres;Porcentaje;2017T1;80,4
Empleo privado;Mujeres;Porcentaje;2016T4;80,6
Empleo privado;Mujeres;Porcentaje;2016T3;80,4
Empleo privado;Mujeres;Porcentaje;2016T2;80,1
Empleo privado;Mujeres;Porcentaje;2016T1;79,7
Empleo privado;Mujeres;Porcentaje;2015T4;80,1
Empleo privado;Mujeres;Porcentaje;2015T3;80,2
Empleo privado;Mujeres;Porcentaje;2015T2;80,3
Empleo privado;Mujeres;Porcentaje;2015T1;79,9
Empleo privado;Mujeres;Porcentaje;2014T4;80,4
Empleo privado;Mujeres;Porcentaje;2014T3;80,3
Empleo privado;Mujeres;Porcentaje;2014T2;80,2
Empleo privado;Mujeres;Porcentaje;2014T1;79,7
Empleo privado;Mujeres;Porcentaje;2013T4;79,8
Empleo privado;Mujeres;Porcentaje;2013T3;79,9
Empleo privado;Mujeres;Porcentaje;2013T2;79,4
Empleo privado;Mujeres;Porcentaje;2013T1;79,4
Empleo privado;Mujeres;Porcentaje;2012T4;79,1
Empleo privado;Mujeres;Porcentaje;2012T3;78,6
Empleo privado;Mujeres;Porcentaje;2012T2;78,5
Empleo privado;Mujeres;Porcentaje;2012T1;78,3
Empleo privado;Mujeres;Porcentaje;2011T4;78,4
Empleo privado;Mujeres;Porcentaje;2011T3;78,6
Empleo privado;Mujeres;Porcentaje;2011T2;78,7
Empleo privado;Mujeres;Porcentaje;2011T1;78,5
Empleo privado;Mujeres;Porcentaje;2010T4;78,7
Empleo privado;Mujeres;Porcentaje;2010T3;78,9
Empleo privado;Mujeres;Porcentaje;2010T2;79,5
Empleo privado;Mujeres;Porcentaje;2010T1;79,5
Empleo privado;Mujeres;Porcentaje;2009T4;79,9
Empleo privado;Mujeres;Porcentaje;2009T3;80
Empleo privado;Mujeres;Porcentaje;2009T2;80,4
Empleo privado;Mujeres;Porcentaje;2009T1;80,6
Empleo privado;Mujeres;Porcentaje;2008T4;81
Empleo privado;Mujeres;Porcentaje;2008T3;81,2
Empleo privado;Mujeres;Porcentaje;2008T2;81,6
Empleo privado;Mujeres;Porcentaje;2008T1;81,7
Empleo privado;Mujeres;Porcentaje;2007T4;81,8
Empleo privado;Mujeres;Porcentaje;2007T3;81,7
Empleo privado;Mujeres;Porcentaje;2007T2;81,9
Empleo privado;Mujeres;Porcentaje;2007T1;81,4
Empleo privado;Mujeres;Porcentaje;2006T4;81,3
Empleo privado;Mujeres;Porcentaje;2006T3;81,3
Empleo privado;Mujeres;Porcentaje;2006T2;81,4
Empleo privado;Mujeres;Porcentaje;2006T1;80,9
Empleo privado;Mujeres;Porcentaje;2005T4;80,9
Empleo privado;Mujeres;Porcentaje;2005T3;80,5
Empleo privado;Mujeres;Porcentaje;2005T2;80,7
Empleo privado;Mujeres;Porcentaje;2005T1;80,2
Empleo privado;Mujeres;Porcentaje;2004T4;79,6
Empleo privado;Mujeres;Porcentaje;2004T3;79,5
Empleo privado;Mujeres;Porcentaje;2004T2;79,7
Empleo privado;Mujeres;Porcentaje;2004T1;79,5
Empleo privado;Mujeres;Porcentaje;2003T4;79,6
Empleo privado;Mujeres;Porcentaje;2003T3;79,7
Empleo privado;Mujeres;Porcentaje;2003T2;79,8
Empleo privado;Mujeres;Porcentaje;2003T1;79,8
Empleo privado;Mujeres;Porcentaje;2002T4;80,1
Empleo privado;Mujeres;Porcentaje;2002T3;80,1
Empleo privado;Mujeres;Porcentaje;2002T2;80,3
Empleo privado;Mujeres;Porcentaje;2002T1;79,9
