Perceptores de ingresos que conviven con la persona de referencia;Según perciba o no ingresos la persona de referencia;Periodo;Total
Total;Total;2025T4;1.052,4
Total;Total;2025T3;1.053,7
Total;Total;2025T2;1.073,7
Total;Total;2025T1;1.189,1
Total;Total;2024T4;1.103,4
Total;Total;2024T3;1.130,9
Total;Total;2024T2;1.138,1
Total;Total;2024T1;1.272,7
Total;Total;2023T4;1.240,9
Total;Total;2023T3;1.218,3
Total;Total;2023T2;1.195,8
Total;Total;2023T1;1.399,3
Total;Total;2022T4;1.351,6
Total;Total;2022T3;1.273,8
Total;Total;2022T2;1.316,2
Total;Total;2022T1;1.372,6
Total;Total;2021T4;1.319,5
Total;Total;2021T3;1.415,8
Total;Total;2021T2;1.417,5
Total;Total;2021T1;1.440,8
Total;Total;2020T4;1.477,9
Total;Total;2020T3;1.381,1
Total;Total;2020T2;1.316,8
Total;Total;2020T1;1.291,1
Total;Total;2019T4;1.259,1
Total;Total;2019T3;1.222
Total;Total;2019T2;1.268,5
Total;Total;2019T1;1.336,1
Total;Total;2018T4;1.289,6
Total;Total;2018T3;1.285,8
Total;Total;2018T2;1.362,3
Total;Total;2018T1;1.511,6
Total;Total;2017T4;1.482,3
Total;Total;2017T3;1.442,1
Total;Total;2017T2;1.542,9
Total;Total;2017T1;1.714,6
Total;Total;2016T4;1.702
Total;Total;2016T3;1.704,1
Total;Total;2016T2;1.824,1
Total;Total;2016T1;1.935,9
Total;Total;2015T4;1.916,8
Total;Total;2015T3;1.905,3
Total;Total;2015T2;2.034
Total;Total;2015T1;2.161,7
Total;Total;2014T4;2.141,1
Total;Total;2014T3;2.144,7
Total;Total;2014T2;2.247
Total;Total;2014T1;2.389
Total;Total;2013T4;2.363,1
Total;Total;2013T3;2.324,6
Total;Total;2013T2;2.391,7
Total;Total;2013T1;2.475
Total;Total;2012T4;2.356,7
Total;Total;2012T3;2.244,7
Total;Total;2012T2;2.253,8
Total;Total;2012T1;2.234
Total;Total;2011T4;2.070,7
Total;Total;2011T3;1.924,2
Total;Total;2011T2;1.822,8
Total;Total;2011T1;1.872
Total;Total;2010T4;1.772
Total;Total;2010T3;1.712,4
Total;Total;2010T2;1.764
Total;Total;2010T1;1.739,5
Total;Total;2009T4;1.641,9
Total;Total;2009T3;1.505,4
Total;Total;2009T2;1.541,5
Total;Total;2009T1;1.500
Total;Total;2008T4;1.144,2
Total;Total;2008T3;886,3
Total;Total;2008T2;799,8
Total;Total;2008T1;754,2
Total;Total;2007T4;645,2
Total;Total;2007T3;594,3
Total;Total;2007T2;576,5
Total;Total;2007T1;612,4
Total;Total;2006T4;577,8
Total;Total;2006T3;551,8
Total;Total;2006T2;574,4
Total;Total;2006T1;575,3
Total;Total;2005T4;557,3
Total;Total;2005T3;502
Total;Total;2005T2;538,2
Total;Total;2005T1;580
Total;Total;2004T4;575,7
Total;Total;2004T3;592,2
Total;Total;2004T2;602,4
Total;Total;2004T1;613,2
Total;Total;2003T4;585,5
Total;Total;2003T3;564,3
Total;Total;2003T2;566,8
Total;Total;2003T1;600,1
Total;Total;2002T4;574,1
Total;Total;2002T3;545,4
Total;Total;2002T2;509,6
Total;Total;2002T1;526
Total;Perceptora de ingresos;2025T4;542
Total;Perceptora de ingresos;2025T3;544,4
Total;Perceptora de ingresos;2025T2;548,2
Total;Perceptora de ingresos;2025T1;603,3
Total;Perceptora de ingresos;2024T4;547
Total;Perceptora de ingresos;2024T3;547,2
Total;Perceptora de ingresos;2024T2;566,7
Total;Perceptora de ingresos;2024T1;668,6
Total;Perceptora de ingresos;2023T4;598,9
Total;Perceptora de ingresos;2023T3;597,8
Total;Perceptora de ingresos;2023T2;581,5
Total;Perceptora de ingresos;2023T1;691,9
Total;Perceptora de ingresos;2022T4;638,1
Total;Perceptora de ingresos;2022T3;595,9
Total;Perceptora de ingresos;2022T2;602
Total;Perceptora de ingresos;2022T1;670,1
Total;Perceptora de ingresos;2021T4;612,8
Total;Perceptora de ingresos;2021T3;663,7
Total;Perceptora de ingresos;2021T2;667
Total;Perceptora de ingresos;2021T1;683,4
Total;Perceptora de ingresos;2020T4;682,1
Total;Perceptora de ingresos;2020T3;672,5
Total;Perceptora de ingresos;2020T2;676,9
Total;Perceptora de ingresos;2020T1;629,6
Total;Perceptora de ingresos;2019T4;606
Total;Perceptora de ingresos;2019T3;560,2
Total;Perceptora de ingresos;2019T2;604,4
Total;Perceptora de ingresos;2019T1;605,3
Total;Perceptora de ingresos;2018T4;564,7
Total;Perceptora de ingresos;2018T3;539,3
Total;Perceptora de ingresos;2018T2;590,1
Total;Perceptora de ingresos;2018T1;683,1
Total;Perceptora de ingresos;2017T4;674,6
Total;Perceptora de ingresos;2017T3;635
Total;Perceptora de ingresos;2017T2;675,8
Total;Perceptora de ingresos;2017T1;772,3
Total;Perceptora de ingresos;2016T4;754,2
Total;Perceptora de ingresos;2016T3;741,2
Total;Perceptora de ingresos;2016T2;793
Total;Perceptora de ingresos;2016T1;838,6
Total;Perceptora de ingresos;2015T4;839,5
Total;Perceptora de ingresos;2015T3;866
Total;Perceptora de ingresos;2015T2;907,8
Total;Perceptora de ingresos;2015T1;1.010,1
Total;Perceptora de ingresos;2014T4;1.014,2
Total;Perceptora de ingresos;2014T3;1.015,6
Total;Perceptora de ingresos;2014T2;1.082,3
Total;Perceptora de ingresos;2014T1;1.160,4
Total;Perceptora de ingresos;2013T4;1.170
Total;Perceptora de ingresos;2013T3;1.180,5
Total;Perceptora de ingresos;2013T2;1.226,1
Total;Perceptora de ingresos;2013T1;1.273,2
Total;Perceptora de ingresos;2012T4;1.217,9
Total;Perceptora de ingresos;2012T3;1.159,8
Total;Perceptora de ingresos;2012T2;1.199,2
Total;Perceptora de ingresos;2012T1;1.203,2
Total;Perceptora de ingresos;2011T4;1.107
Total;Perceptora de ingresos;2011T3;1.006,6
Total;Perceptora de ingresos;2011T2;971,3
Total;Perceptora de ingresos;2011T1;1.021,9
Total;Perceptora de ingresos;2010T4;994,9
Total;Perceptora de ingresos;2010T3;992,9
Total;Perceptora de ingresos;2010T2;1.052,9
Total;Perceptora de ingresos;2010T1;1.033,9
Total;Perceptora de ingresos;2009T4;912,4
Total;Perceptora de ingresos;2009T3;792,8
Total;Perceptora de ingresos;2009T2;823,4
Total;Perceptora de ingresos;2009T1;779,3
Total;Perceptora de ingresos;2008T4;546,6
Total;Perceptora de ingresos;2008T3;398,2
Total;Perceptora de ingresos;2008T2;341
Total;Perceptora de ingresos;2008T1;323,8
Total;Perceptora de ingresos;2007T4;258,4
Total;Perceptora de ingresos;2007T3;253,6
Total;Perceptora de ingresos;2007T2;251,9
Total;Perceptora de ingresos;2007T1;273,4
Total;Perceptora de ingresos;2006T4;243,6
Total;Perceptora de ingresos;2006T3;236,7
Total;Perceptora de ingresos;2006T2;218,8
Total;Perceptora de ingresos;2006T1;240,6
Total;Perceptora de ingresos;2005T4;244,6
Total;Perceptora de ingresos;2005T3;226,3
Total;Perceptora de ingresos;2005T2;263,9
Total;Perceptora de ingresos;2005T1;255,9
Total;Perceptora de ingresos;2004T4;247,9
Total;Perceptora de ingresos;2004T3;241,3
Total;Perceptora de ingresos;2004T2;243,8
Total;Perceptora de ingresos;2004T1;249,8
Total;Perceptora de ingresos;2003T4;239,2
Total;Perceptora de ingresos;2003T3;233
Total;Perceptora de ingresos;2003T2;239,8
Total;Perceptora de ingresos;2003T1;250,4
Total;Perceptora de ingresos;2002T4;247
Total;Perceptora de ingresos;2002T3;236,7
Total;Perceptora de ingresos;2002T2;214,7
Total;Perceptora de ingresos;2002T1;222,1
Total;No perceptora de ingresos;2025T4;510,4
Total;No perceptora de ingresos;2025T3;509,3
Total;No perceptora de ingresos;2025T2;525,5
Total;No perceptora de ingresos;2025T1;585,8
Total;No perceptora de ingresos;2024T4;556,4
Total;No perceptora de ingresos;2024T3;583,8
Total;No perceptora de ingresos;2024T2;571,4
Total;No perceptora de ingresos;2024T1;604,2
Total;No perceptora de ingresos;2023T4;642
Total;No perceptora de ingresos;2023T3;620,5
Total;No perceptora de ingresos;2023T2;614,3
Total;No perceptora de ingresos;2023T1;707,5
Total;No perceptora de ingresos;2022T4;713,5
Total;No perceptora de ingresos;2022T3;677,9
Total;No perceptora de ingresos;2022T2;714,2
Total;No perceptora de ingresos;2022T1;702,4
Total;No perceptora de ingresos;2021T4;706,7
Total;No perceptora de ingresos;2021T3;752,1
Total;No perceptora de ingresos;2021T2;750,5
Total;No perceptora de ingresos;2021T1;757,4
Total;No perceptora de ingresos;2020T4;795,8
Total;No perceptora de ingresos;2020T3;708,7
Total;No perceptora de ingresos;2020T2;639,8
Total;No perceptora de ingresos;2020T1;661,5
Total;No perceptora de ingresos;2019T4;653,1
Total;No perceptora de ingresos;2019T3;661,9
Total;No perceptora de ingresos;2019T2;664,1
Total;No perceptora de ingresos;2019T1;730,8
Total;No perceptora de ingresos;2018T4;724,9
Total;No perceptora de ingresos;2018T3;746,5
Total;No perceptora de ingresos;2018T2;772,2
Total;No perceptora de ingresos;2018T1;828,5
Total;No perceptora de ingresos;2017T4;807,7
Total;No perceptora de ingresos;2017T3;807,1
Total;No perceptora de ingresos;2017T2;867,2
Total;No perceptora de ingresos;2017T1;942,3
Total;No perceptora de ingresos;2016T4;947,8
Total;No perceptora de ingresos;2016T3;962,9
Total;No perceptora de ingresos;2016T2;1.031,1
Total;No perceptora de ingresos;2016T1;1.097,3
Total;No perceptora de ingresos;2015T4;1.077,3
Total;No perceptora de ingresos;2015T3;1.039,3
Total;No perceptora de ingresos;2015T2;1.126,2
Total;No perceptora de ingresos;2015T1;1.151,7
Total;No perceptora de ingresos;2014T4;1.126,9
Total;No perceptora de ingresos;2014T3;1.129,1
Total;No perceptora de ingresos;2014T2;1.164,7
Total;No perceptora de ingresos;2014T1;1.228,6
Total;No perceptora de ingresos;2013T4;1.193
Total;No perceptora de ingresos;2013T3;1.144,1
Total;No perceptora de ingresos;2013T2;1.165,6
Total;No perceptora de ingresos;2013T1;1.201,9
Total;No perceptora de ingresos;2012T4;1.138,8
Total;No perceptora de ingresos;2012T3;1.084,9
Total;No perceptora de ingresos;2012T2;1.054,6
Total;No perceptora de ingresos;2012T1;1.030,8
Total;No perceptora de ingresos;2011T4;963,7
Total;No perceptora de ingresos;2011T3;917,6
Total;No perceptora de ingresos;2011T2;851,4
Total;No perceptora de ingresos;2011T1;850
Total;No perceptora de ingresos;2010T4;777,1
Total;No perceptora de ingresos;2010T3;719,5
Total;No perceptora de ingresos;2010T2;711,1
Total;No perceptora de ingresos;2010T1;705,6
Total;No perceptora de ingresos;2009T4;729,6
Total;No perceptora de ingresos;2009T3;712,6
Total;No perceptora de ingresos;2009T2;718,1
Total;No perceptora de ingresos;2009T1;720,7
Total;No perceptora de ingresos;2008T4;597,7
Total;No perceptora de ingresos;2008T3;488,2
Total;No perceptora de ingresos;2008T2;458,7
Total;No perceptora de ingresos;2008T1;430,4
Total;No perceptora de ingresos;2007T4;386,8
Total;No perceptora de ingresos;2007T3;340,7
Total;No perceptora de ingresos;2007T2;324,6
Total;No perceptora de ingresos;2007T1;339
Total;No perceptora de ingresos;2006T4;334,3
Total;No perceptora de ingresos;2006T3;315,1
Total;No perceptora de ingresos;2006T2;355,6
Total;No perceptora de ingresos;2006T1;334,8
Total;No perceptora de ingresos;2005T4;312,7
Total;No perceptora de ingresos;2005T3;275,7
Total;No perceptora de ingresos;2005T2;274,3
Total;No perceptora de ingresos;2005T1;324
Total;No perceptora de ingresos;2004T4;327,8
Total;No perceptora de ingresos;2004T3;350,8
Total;No perceptora de ingresos;2004T2;358,6
Total;No perceptora de ingresos;2004T1;363,4
Total;No perceptora de ingresos;2003T4;346,3
Total;No perceptora de ingresos;2003T3;331,3
Total;No perceptora de ingresos;2003T2;327
Total;No perceptora de ingresos;2003T1;349,7
Total;No perceptora de ingresos;2002T4;327,1
Total;No perceptora de ingresos;2002T3;308,6
Total;No perceptora de ingresos;2002T2;294,9
Total;No perceptora de ingresos;2002T1;303,9
Ningun perceptor;Total;2025T4;404,8
Ningun perceptor;Total;2025T3;411,1
Ningun perceptor;Total;2025T2;421,8
Ningun perceptor;Total;2025T1;477,8
Ningun perceptor;Total;2024T4;435,3
Ningun perceptor;Total;2024T3;455,2
Ningun perceptor;Total;2024T2;432
Ningun perceptor;Total;2024T1;511,1
Ningun perceptor;Total;2023T4;485,6
Ningun perceptor;Total;2023T3;496,5
Ningun perceptor;Total;2023T2;468,3
Ningun perceptor;Total;2023T1;559,4
Ningun perceptor;Total;2022T4;551,2
Ningun perceptor;Total;2022T3;497,3
Ningun perceptor;Total;2022T2;520,5
Ningun perceptor;Total;2022T1;534,1
Ningun perceptor;Total;2021T4;516,4
Ningun perceptor;Total;2021T3;578,9
Ningun perceptor;Total;2021T2;577,8
Ningun perceptor;Total;2021T1;596,3
Ningun perceptor;Total;2020T4;635,4
Ningun perceptor;Total;2020T3;582,3
Ningun perceptor;Total;2020T2;590,3
Ningun perceptor;Total;2020T1;566,3
Ningun perceptor;Total;2019T4;525,5
Ningun perceptor;Total;2019T3;515,6
Ningun perceptor;Total;2019T2;515,8
Ningun perceptor;Total;2019T1;552,4
Ningun perceptor;Total;2018T4;540
Ningun perceptor;Total;2018T3;533,8
Ningun perceptor;Total;2018T2;554,5
Ningun perceptor;Total;2018T1;637,2
Ningun perceptor;Total;2017T4;625,2
Ningun perceptor;Total;2017T3;605,1
Ningun perceptor;Total;2017T2;656,3
Ningun perceptor;Total;2017T1;714,8
Ningun perceptor;Total;2016T4;722,5
Ningun perceptor;Total;2016T3;751,1
Ningun perceptor;Total;2016T2;791,2
Ningun perceptor;Total;2016T1;839,9
Ningun perceptor;Total;2015T4;813,6
Ningun perceptor;Total;2015T3;820,1
Ningun perceptor;Total;2015T2;879,2
Ningun perceptor;Total;2015T1;943
Ningun perceptor;Total;2014T4;942,2
Ningun perceptor;Total;2014T3;937,4
Ningun perceptor;Total;2014T2;961
Ningun perceptor;Total;2014T1;1.038,5
Ningun perceptor;Total;2013T4;993,6
Ningun perceptor;Total;2013T3;946,9
Ningun perceptor;Total;2013T2;981,6
Ningun perceptor;Total;2013T1;1.035,4
Ningun perceptor;Total;2012T4;975,4
Ningun perceptor;Total;2012T3;914,4
Ningun perceptor;Total;2012T2;906,6
Ningun perceptor;Total;2012T1;930,6
Ningun perceptor;Total;2011T4;818,7
Ningun perceptor;Total;2011T3;732,7
Ningun perceptor;Total;2011T2;694,6
Ningun perceptor;Total;2011T1;695,2
Ningun perceptor;Total;2010T4;664
Ningun perceptor;Total;2010T3;675,7
Ningun perceptor;Total;2010T2;678,1
Ningun perceptor;Total;2010T1;645,6
Ningun perceptor;Total;2009T4;618,6
Ningun perceptor;Total;2009T3;562,7
Ningun perceptor;Total;2009T2;553
Ningun perceptor;Total;2009T1;542,7
Ningun perceptor;Total;2008T4;423,2
Ningun perceptor;Total;2008T3;317,2
Ningun perceptor;Total;2008T2;275,9
Ningun perceptor;Total;2008T1;264,7
Ningun perceptor;Total;2007T4;228,2
Ningun perceptor;Total;2007T3;200,9
Ningun perceptor;Total;2007T2;197,9
Ningun perceptor;Total;2007T1;205
Ningun perceptor;Total;2006T4;197
Ningun perceptor;Total;2006T3;191,4
Ningun perceptor;Total;2006T2;200,6
Ningun perceptor;Total;2006T1;194,7
Ningun perceptor;Total;2005T4;193,2
Ningun perceptor;Total;2005T3;173,5
Ningun perceptor;Total;2005T2;220,2
Ningun perceptor;Total;2005T1;231,1
Ningun perceptor;Total;2004T4;250,8
Ningun perceptor;Total;2004T3;262,1
Ningun perceptor;Total;2004T2;271,2
Ningun perceptor;Total;2004T1;283,3
Ningun perceptor;Total;2003T4;270,6
Ningun perceptor;Total;2003T3;246,2
Ningun perceptor;Total;2003T2;247,5
Ningun perceptor;Total;2003T1;268,1
Ningun perceptor;Total;2002T4;261,5
Ningun perceptor;Total;2002T3;241,6
Ningun perceptor;Total;2002T2;214,3
Ningun perceptor;Total;2002T1;231,3
Ningun perceptor;Perceptora de ingresos;2025T4;232,9
Ningun perceptor;Perceptora de ingresos;2025T3;224,4
Ningun perceptor;Perceptora de ingresos;2025T2;232,7
Ningun perceptor;Perceptora de ingresos;2025T1;272,7
Ningun perceptor;Perceptora de ingresos;2024T4;243,5
Ningun perceptor;Perceptora de ingresos;2024T3;229,1
Ningun perceptor;Perceptora de ingresos;2024T2;242,6
Ningun perceptor;Perceptora de ingresos;2024T1;287,2
Ningun perceptor;Perceptora de ingresos;2023T4;265,4
Ningun perceptor;Perceptora de ingresos;2023T3;269,5
Ningun perceptor;Perceptora de ingresos;2023T2;261,5
Ningun perceptor;Perceptora de ingresos;2023T1;316,8
Ningun perceptor;Perceptora de ingresos;2022T4;301,4
Ningun perceptor;Perceptora de ingresos;2022T3;270,6
Ningun perceptor;Perceptora de ingresos;2022T2;274,5
Ningun perceptor;Perceptora de ingresos;2022T1;285,8
Ningun perceptor;Perceptora de ingresos;2021T4;272,9
Ningun perceptor;Perceptora de ingresos;2021T3;308,3
Ningun perceptor;Perceptora de ingresos;2021T2;292,5
Ningun perceptor;Perceptora de ingresos;2021T1;301,5
Ningun perceptor;Perceptora de ingresos;2020T4;310,7
Ningun perceptor;Perceptora de ingresos;2020T3;304,6
Ningun perceptor;Perceptora de ingresos;2020T2;303,2
Ningun perceptor;Perceptora de ingresos;2020T1;281,5
Ningun perceptor;Perceptora de ingresos;2019T4;253,3
Ningun perceptor;Perceptora de ingresos;2019T3;244,6
Ningun perceptor;Perceptora de ingresos;2019T2;267,5
Ningun perceptor;Perceptora de ingresos;2019T1;265,9
Ningun perceptor;Perceptora de ingresos;2018T4;257,3
Ningun perceptor;Perceptora de ingresos;2018T3;238
Ningun perceptor;Perceptora de ingresos;2018T2;257,3
Ningun perceptor;Perceptora de ingresos;2018T1;315,5
Ningun perceptor;Perceptora de ingresos;2017T4;307,4
Ningun perceptor;Perceptora de ingresos;2017T3;301,6
Ningun perceptor;Perceptora de ingresos;2017T2;322,8
Ningun perceptor;Perceptora de ingresos;2017T1;348,2
Ningun perceptor;Perceptora de ingresos;2016T4;341,4
Ningun perceptor;Perceptora de ingresos;2016T3;356,3
Ningun perceptor;Perceptora de ingresos;2016T2;368,8
Ningun perceptor;Perceptora de ingresos;2016T1;377
Ningun perceptor;Perceptora de ingresos;2015T4;373,7
Ningun perceptor;Perceptora de ingresos;2015T3;382,1
Ningun perceptor;Perceptora de ingresos;2015T2;398,1
Ningun perceptor;Perceptora de ingresos;2015T1;461,5
Ningun perceptor;Perceptora de ingresos;2014T4;477,3
Ningun perceptor;Perceptora de ingresos;2014T3;483,3
Ningun perceptor;Perceptora de ingresos;2014T2;490,2
Ningun perceptor;Perceptora de ingresos;2014T1;532,3
Ningun perceptor;Perceptora de ingresos;2013T4;500,9
Ningun perceptor;Perceptora de ingresos;2013T3;492,1
Ningun perceptor;Perceptora de ingresos;2013T2;528,5
Ningun perceptor;Perceptora de ingresos;2013T1;546,3
Ningun perceptor;Perceptora de ingresos;2012T4;521,6
Ningun perceptor;Perceptora de ingresos;2012T3;490,3
Ningun perceptor;Perceptora de ingresos;2012T2;510,1
Ningun perceptor;Perceptora de ingresos;2012T1;525,4
Ningun perceptor;Perceptora de ingresos;2011T4;452,1
Ningun perceptor;Perceptora de ingresos;2011T3;394,9
Ningun perceptor;Perceptora de ingresos;2011T2;370,4
Ningun perceptor;Perceptora de ingresos;2011T1;393,5
Ningun perceptor;Perceptora de ingresos;2010T4;379,1
Ningun perceptor;Perceptora de ingresos;2010T3;396,3
Ningun perceptor;Perceptora de ingresos;2010T2;408,4
Ningun perceptor;Perceptora de ingresos;2010T1;401,6
Ningun perceptor;Perceptora de ingresos;2009T4;352
Ningun perceptor;Perceptora de ingresos;2009T3;296,8
Ningun perceptor;Perceptora de ingresos;2009T2;292,6
Ningun perceptor;Perceptora de ingresos;2009T1;289,5
Ningun perceptor;Perceptora de ingresos;2008T4;202
Ningun perceptor;Perceptora de ingresos;2008T3;141,6
Ningun perceptor;Perceptora de ingresos;2008T2;116,3
Ningun perceptor;Perceptora de ingresos;2008T1;127,6
Ningun perceptor;Perceptora de ingresos;2007T4;98
Ningun perceptor;Perceptora de ingresos;2007T3;93,2
Ningun perceptor;Perceptora de ingresos;2007T2;90,6
Ningun perceptor;Perceptora de ingresos;2007T1;102,9
Ningun perceptor;Perceptora de ingresos;2006T4;91,4
Ningun perceptor;Perceptora de ingresos;2006T3;90,4
Ningun perceptor;Perceptora de ingresos;2006T2;84
Ningun perceptor;Perceptora de ingresos;2006T1;84
Ningun perceptor;Perceptora de ingresos;2005T4;86,4
Ningun perceptor;Perceptora de ingresos;2005T3;79,4
Ningun perceptor;Perceptora de ingresos;2005T2;110,2
Ningun perceptor;Perceptora de ingresos;2005T1;99,8
Ningun perceptor;Perceptora de ingresos;2004T4;106,5
Ningun perceptor;Perceptora de ingresos;2004T3;111,2
Ningun perceptor;Perceptora de ingresos;2004T2;110,8
Ningun perceptor;Perceptora de ingresos;2004T1;109,9
Ningun perceptor;Perceptora de ingresos;2003T4;110,6
Ningun perceptor;Perceptora de ingresos;2003T3;99,9
Ningun perceptor;Perceptora de ingresos;2003T2;105,7
Ningun perceptor;Perceptora de ingresos;2003T1;116,4
Ningun perceptor;Perceptora de ingresos;2002T4;110,2
Ningun perceptor;Perceptora de ingresos;2002T3;105,4
Ningun perceptor;Perceptora de ingresos;2002T2;90,3
Ningun perceptor;Perceptora de ingresos;2002T1;94,7
Ningun perceptor;No perceptora de ingresos;2025T4;171,8
Ningun perceptor;No perceptora de ingresos;2025T3;186,7
Ningun perceptor;No perceptora de ingresos;2025T2;189,1
Ningun perceptor;No perceptora de ingresos;2025T1;205,1
Ningun perceptor;No perceptora de ingresos;2024T4;191,9
Ningun perceptor;No perceptora de ingresos;2024T3;226,1
Ningun perceptor;No perceptora de ingresos;2024T2;189,3
Ningun perceptor;No perceptora de ingresos;2024T1;223,8
Ningun perceptor;No perceptora de ingresos;2023T4;220,2
Ningun perceptor;No perceptora de ingresos;2023T3;227
Ningun perceptor;No perceptora de ingresos;2023T2;206,8
Ningun perceptor;No perceptora de ingresos;2023T1;242,6
Ningun perceptor;No perceptora de ingresos;2022T4;249,8
Ningun perceptor;No perceptora de ingresos;2022T3;226,7
Ningun perceptor;No perceptora de ingresos;2022T2;246
Ningun perceptor;No perceptora de ingresos;2022T1;248,3
Ningun perceptor;No perceptora de ingresos;2021T4;243,5
Ningun perceptor;No perceptora de ingresos;2021T3;270,5
Ningun perceptor;No perceptora de ingresos;2021T2;285,3
Ningun perceptor;No perceptora de ingresos;2021T1;294,8
Ningun perceptor;No perceptora de ingresos;2020T4;324,7
Ningun perceptor;No perceptora de ingresos;2020T3;277,7
Ningun perceptor;No perceptora de ingresos;2020T2;287,1
Ningun perceptor;No perceptora de ingresos;2020T1;284,9
Ningun perceptor;No perceptora de ingresos;2019T4;272,3
Ningun perceptor;No perceptora de ingresos;2019T3;271
Ningun perceptor;No perceptora de ingresos;2019T2;248,2
Ningun perceptor;No perceptora de ingresos;2019T1;286,5
Ningun perceptor;No perceptora de ingresos;2018T4;282,8
Ningun perceptor;No perceptora de ingresos;2018T3;295,8
Ningun perceptor;No perceptora de ingresos;2018T2;297,2
Ningun perceptor;No perceptora de ingresos;2018T1;321,7
Ningun perceptor;No perceptora de ingresos;2017T4;317,8
Ningun perceptor;No perceptora de ingresos;2017T3;303,5
Ningun perceptor;No perceptora de ingresos;2017T2;333,5
Ningun perceptor;No perceptora de ingresos;2017T1;366,6
Ningun perceptor;No perceptora de ingresos;2016T4;381,1
Ningun perceptor;No perceptora de ingresos;2016T3;394,8
Ningun perceptor;No perceptora de ingresos;2016T2;422,4
Ningun perceptor;No perceptora de ingresos;2016T1;462,9
Ningun perceptor;No perceptora de ingresos;2015T4;439,9
Ningun perceptor;No perceptora de ingresos;2015T3;438
Ningun perceptor;No perceptora de ingresos;2015T2;481,1
Ningun perceptor;No perceptora de ingresos;2015T1;481,5
Ningun perceptor;No perceptora de ingresos;2014T4;464,9
Ningun perceptor;No perceptora de ingresos;2014T3;454,1
Ningun perceptor;No perceptora de ingresos;2014T2;470,8
Ningun perceptor;No perceptora de ingresos;2014T1;506,2
Ningun perceptor;No perceptora de ingresos;2013T4;492,6
Ningun perceptor;No perceptora de ingresos;2013T3;454,8
Ningun perceptor;No perceptora de ingresos;2013T2;453,1
Ningun perceptor;No perceptora de ingresos;2013T1;489,1
Ningun perceptor;No perceptora de ingresos;2012T4;453,8
Ningun perceptor;No perceptora de ingresos;2012T3;424,1
Ningun perceptor;No perceptora de ingresos;2012T2;396,5
Ningun perceptor;No perceptora de ingresos;2012T1;405,2
Ningun perceptor;No perceptora de ingresos;2011T4;366,7
Ningun perceptor;No perceptora de ingresos;2011T3;337,7
Ningun perceptor;No perceptora de ingresos;2011T2;324,2
Ningun perceptor;No perceptora de ingresos;2011T1;301,7
Ningun perceptor;No perceptora de ingresos;2010T4;285
Ningun perceptor;No perceptora de ingresos;2010T3;279,4
Ningun perceptor;No perceptora de ingresos;2010T2;269,7
Ningun perceptor;No perceptora de ingresos;2010T1;244
Ningun perceptor;No perceptora de ingresos;2009T4;266,6
Ningun perceptor;No perceptora de ingresos;2009T3;265,9
Ningun perceptor;No perceptora de ingresos;2009T2;260,4
Ningun perceptor;No perceptora de ingresos;2009T1;253,3
Ningun perceptor;No perceptora de ingresos;2008T4;221,2
Ningun perceptor;No perceptora de ingresos;2008T3;175,5
Ningun perceptor;No perceptora de ingresos;2008T2;159,7
Ningun perceptor;No perceptora de ingresos;2008T1;137,1
Ningun perceptor;No perceptora de ingresos;2007T4;130,2
Ningun perceptor;No perceptora de ingresos;2007T3;107,7
Ningun perceptor;No perceptora de ingresos;2007T2;107,2
Ningun perceptor;No perceptora de ingresos;2007T1;102,1
Ningun perceptor;No perceptora de ingresos;2006T4;105,5
Ningun perceptor;No perceptora de ingresos;2006T3;101
Ningun perceptor;No perceptora de ingresos;2006T2;116,5
Ningun perceptor;No perceptora de ingresos;2006T1;110,7
Ningun perceptor;No perceptora de ingresos;2005T4;106,8
Ningun perceptor;No perceptora de ingresos;2005T3;94,1
Ningun perceptor;No perceptora de ingresos;2005T2;110
Ningun perceptor;No perceptora de ingresos;2005T1;131,4
Ningun perceptor;No perceptora de ingresos;2004T4;144,3
Ningun perceptor;No perceptora de ingresos;2004T3;150,9
Ningun perceptor;No perceptora de ingresos;2004T2;160,4
Ningun perceptor;No perceptora de ingresos;2004T1;173,3
Ningun perceptor;No perceptora de ingresos;2003T4;160
Ningun perceptor;No perceptora de ingresos;2003T3;146,3
Ningun perceptor;No perceptora de ingresos;2003T2;141,8
Ningun perceptor;No perceptora de ingresos;2003T1;151,7
Ningun perceptor;No perceptora de ingresos;2002T4;151,3
Ningun perceptor;No perceptora de ingresos;2002T3;136,2
Ningun perceptor;No perceptora de ingresos;2002T2;124,1
Ningun perceptor;No perceptora de ingresos;2002T1;136,6
Un perceptor;Total;2025T4;472,8
Un perceptor;Total;2025T3;451,7
Un perceptor;Total;2025T2;460,5
Un perceptor;Total;2025T1;523,2
Un perceptor;Total;2024T4;487,8
Un perceptor;Total;2024T3;492
Un perceptor;Total;2024T2;491,7
Un perceptor;Total;2024T1;557,1
Un perceptor;Total;2023T4;576,1
Un perceptor;Total;2023T3;528,2
Un perceptor;Total;2023T2;527,3
Un perceptor;Total;2023T1;635,4
Un perceptor;Total;2022T4;612
Un perceptor;Total;2022T3;582,1
Un perceptor;Total;2022T2;585,5
Un perceptor;Total;2022T1;598,7
Un perceptor;Total;2021T4;599,2
Un perceptor;Total;2021T3;607
Un perceptor;Total;2021T2;620,2
Un perceptor;Total;2021T1;650,1
Un perceptor;Total;2020T4;674,4
Un perceptor;Total;2020T3;652,5
Un perceptor;Total;2020T2;587,1
Un perceptor;Total;2020T1;578,8
Un perceptor;Total;2019T4;583
Un perceptor;Total;2019T3;560,8
Un perceptor;Total;2019T2;592,2
Un perceptor;Total;2019T1;622,6
Un perceptor;Total;2018T4;594,6
Un perceptor;Total;2018T3;597
Un perceptor;Total;2018T2;639,1
Un perceptor;Total;2018T1;696,9
Un perceptor;Total;2017T4;695,9
Un perceptor;Total;2017T3;674,7
Un perceptor;Total;2017T2;726,4
Un perceptor;Total;2017T1;821,3
Un perceptor;Total;2016T4;788,3
Un perceptor;Total;2016T3;762,7
Un perceptor;Total;2016T2;844,8
Un perceptor;Total;2016T1;907,7
Un perceptor;Total;2015T4;913,7
Un perceptor;Total;2015T3;893,8
Un perceptor;Total;2015T2;965,8
Un perceptor;Total;2015T1;1.014,6
Un perceptor;Total;2014T4;994,8
Un perceptor;Total;2014T3;994,5
Un perceptor;Total;2014T2;1.067,2
Un perceptor;Total;2014T1;1.128,3
Un perceptor;Total;2013T4;1.145,9
Un perceptor;Total;2013T3;1.135,2
Un perceptor;Total;2013T2;1.169,8
Un perceptor;Total;2013T1;1.193,5
Un perceptor;Total;2012T4;1.137,3
Un perceptor;Total;2012T3;1.079,1
Un perceptor;Total;2012T2;1.108,4
Un perceptor;Total;2012T1;1.065,1
Un perceptor;Total;2011T4;1.022,6
Un perceptor;Total;2011T3;942,6
Un perceptor;Total;2011T2;913,3
Un perceptor;Total;2011T1;943,7
Un perceptor;Total;2010T4;884,1
Un perceptor;Total;2010T3;831,8
Un perceptor;Total;2010T2;855,2
Un perceptor;Total;2010T1;855,7
Un perceptor;Total;2009T4;813,4
Un perceptor;Total;2009T3;733,2
Un perceptor;Total;2009T2;776,5
Un perceptor;Total;2009T1;752,2
Un perceptor;Total;2008T4;553,1
Un perceptor;Total;2008T3;420,3
Un perceptor;Total;2008T2;382,6
Un perceptor;Total;2008T1;358,3
Un perceptor;Total;2007T4;311,8
Un perceptor;Total;2007T3;290,7
Un perceptor;Total;2007T2;271
Un perceptor;Total;2007T1;296,7
Un perceptor;Total;2006T4;265,6
Un perceptor;Total;2006T3;252,6
Un perceptor;Total;2006T2;273,4
Un perceptor;Total;2006T1;276,3
Un perceptor;Total;2005T4;268,3
Un perceptor;Total;2005T3;238,9
Un perceptor;Total;2005T2;223,2
Un perceptor;Total;2005T1;246,1
Un perceptor;Total;2004T4;233,3
Un perceptor;Total;2004T3;245
Un perceptor;Total;2004T2;246,2
Un perceptor;Total;2004T1;246,9
Un perceptor;Total;2003T4;238,7
Un perceptor;Total;2003T3;240,3
Un perceptor;Total;2003T2;244
Un perceptor;Total;2003T1;253,3
Un perceptor;Total;2002T4;231,5
Un perceptor;Total;2002T3;229,3
Un perceptor;Total;2002T2;211,3
Un perceptor;Total;2002T1;207,9
Un perceptor;Perceptora de ingresos;2025T4;232
Un perceptor;Perceptora de ingresos;2025T3;228,1
Un perceptor;Perceptora de ingresos;2025T2;237,2
Un perceptor;Perceptora de ingresos;2025T1;255
Un perceptor;Perceptora de ingresos;2024T4;224,7
Un perceptor;Perceptora de ingresos;2024T3;244,8
Un perceptor;Perceptora de ingresos;2024T2;230
Un perceptor;Perceptora de ingresos;2024T1;279,2
Un perceptor;Perceptora de ingresos;2023T4;259,4
Un perceptor;Perceptora de ingresos;2023T3;242,3
Un perceptor;Perceptora de ingresos;2023T2;239,4
Un perceptor;Perceptora de ingresos;2023T1;282,2
Un perceptor;Perceptora de ingresos;2022T4;258,8
Un perceptor;Perceptora de ingresos;2022T3;239,8
Un perceptor;Perceptora de ingresos;2022T2;245,6
Un perceptor;Perceptora de ingresos;2022T1;268,4
Un perceptor;Perceptora de ingresos;2021T4;255,8
Un perceptor;Perceptora de ingresos;2021T3;257,7
Un perceptor;Perceptora de ingresos;2021T2;276,8
Un perceptor;Perceptora de ingresos;2021T1;294,7
Un perceptor;Perceptora de ingresos;2020T4;300,2
Un perceptor;Perceptora de ingresos;2020T3;303,8
Un perceptor;Perceptora de ingresos;2020T2;297,9
Un perceptor;Perceptora de ingresos;2020T1;277,9
Un perceptor;Perceptora de ingresos;2019T4;282,9
Un perceptor;Perceptora de ingresos;2019T3;251,6
Un perceptor;Perceptora de ingresos;2019T2;258,3
Un perceptor;Perceptora de ingresos;2019T1;275,6
Un perceptor;Perceptora de ingresos;2018T4;249,8
Un perceptor;Perceptora de ingresos;2018T3;244,9
Un perceptor;Perceptora de ingresos;2018T2;266,4
Un perceptor;Perceptora de ingresos;2018T1;295,3
Un perceptor;Perceptora de ingresos;2017T4;302,1
Un perceptor;Perceptora de ingresos;2017T3;270,9
Un perceptor;Perceptora de ingresos;2017T2;291,2
Un perceptor;Perceptora de ingresos;2017T1;351
Un perceptor;Perceptora de ingresos;2016T4;328,4
Un perceptor;Perceptora de ingresos;2016T3;309,2
Un perceptor;Perceptora de ingresos;2016T2;349,4
Un perceptor;Perceptora de ingresos;2016T1;378,3
Un perceptor;Perceptora de ingresos;2015T4;377,9
Un perceptor;Perceptora de ingresos;2015T3;388,5
Un perceptor;Perceptora de ingresos;2015T2;425,8
Un perceptor;Perceptora de ingresos;2015T1;453,7
Un perceptor;Perceptora de ingresos;2014T4;449,4
Un perceptor;Perceptora de ingresos;2014T3;439
Un perceptor;Perceptora de ingresos;2014T2;501,8
Un perceptor;Perceptora de ingresos;2014T1;532,6
Un perceptor;Perceptora de ingresos;2013T4;553,9
Un perceptor;Perceptora de ingresos;2013T3;567,1
Un perceptor;Perceptora de ingresos;2013T2;585,3
Un perceptor;Perceptora de ingresos;2013T1;608,9
Un perceptor;Perceptora de ingresos;2012T4;577,3
Un perceptor;Perceptora de ingresos;2012T3;537,1
Un perceptor;Perceptora de ingresos;2012T2;563,6
Un perceptor;Perceptora de ingresos;2012T1;553,4
Un perceptor;Perceptora de ingresos;2011T4;539,6
Un perceptor;Perceptora de ingresos;2011T3;488,8
Un perceptor;Perceptora de ingresos;2011T2;489,8
Un perceptor;Perceptora de ingresos;2011T1;508,1
Un perceptor;Perceptora de ingresos;2010T4;494
Un perceptor;Perceptora de ingresos;2010T3;483,6
Un perceptor;Perceptora de ingresos;2010T2;515,9
Un perceptor;Perceptora de ingresos;2010T1;500,6
Un perceptor;Perceptora de ingresos;2009T4;446,9
Un perceptor;Perceptora de ingresos;2009T3;391,7
Un perceptor;Perceptora de ingresos;2009T2;420,6
Un perceptor;Perceptora de ingresos;2009T1;390,6
Un perceptor;Perceptora de ingresos;2008T4;266,2
Un perceptor;Perceptora de ingresos;2008T3;182,9
Un perceptor;Perceptora de ingresos;2008T2;166,7
Un perceptor;Perceptora de ingresos;2008T1;144,2
Un perceptor;Perceptora de ingresos;2007T4;121,8
Un perceptor;Perceptora de ingresos;2007T3;122,5
Un perceptor;Perceptora de ingresos;2007T2;116,3
Un perceptor;Perceptora de ingresos;2007T1;128,8
Un perceptor;Perceptora de ingresos;2006T4;113,7
Un perceptor;Perceptora de ingresos;2006T3;105,5
Un perceptor;Perceptora de ingresos;2006T2;99,2
Un perceptor;Perceptora de ingresos;2006T1;116,6
Un perceptor;Perceptora de ingresos;2005T4;120,5
Un perceptor;Perceptora de ingresos;2005T3;104
Un perceptor;Perceptora de ingresos;2005T2;103,7
Un perceptor;Perceptora de ingresos;2005T1;108,2
Un perceptor;Perceptora de ingresos;2004T4;100,7
Un perceptor;Perceptora de ingresos;2004T3;89,2
Un perceptor;Perceptora de ingresos;2004T2;93,4
Un perceptor;Perceptora de ingresos;2004T1;98,4
Un perceptor;Perceptora de ingresos;2003T4;91
Un perceptor;Perceptora de ingresos;2003T3;97,1
Un perceptor;Perceptora de ingresos;2003T2;103,1
Un perceptor;Perceptora de ingresos;2003T1;99,5
Un perceptor;Perceptora de ingresos;2002T4;94,6
Un perceptor;Perceptora de ingresos;2002T3;92,9
Un perceptor;Perceptora de ingresos;2002T2;86,4
Un perceptor;Perceptora de ingresos;2002T1;83,9
Un perceptor;No perceptora de ingresos;2025T4;240,8
Un perceptor;No perceptora de ingresos;2025T3;223,6
Un perceptor;No perceptora de ingresos;2025T2;223,3
Un perceptor;No perceptora de ingresos;2025T1;268,2
Un perceptor;No perceptora de ingresos;2024T4;263,1
Un perceptor;No perceptora de ingresos;2024T3;247,1
Un perceptor;No perceptora de ingresos;2024T2;261,7
Un perceptor;No perceptora de ingresos;2024T1;277,9
Un perceptor;No perceptora de ingresos;2023T4;316,6
Un perceptor;No perceptora de ingresos;2023T3;285,9
Un perceptor;No perceptora de ingresos;2023T2;288
Un perceptor;No perceptora de ingresos;2023T1;353,2
Un perceptor;No perceptora de ingresos;2022T4;353,2
Un perceptor;No perceptora de ingresos;2022T3;342,4
Un perceptor;No perceptora de ingresos;2022T2;339,8
Un perceptor;No perceptora de ingresos;2022T1;330,3
Un perceptor;No perceptora de ingresos;2021T4;343,5
Un perceptor;No perceptora de ingresos;2021T3;349,3
Un perceptor;No perceptora de ingresos;2021T2;343,4
Un perceptor;No perceptora de ingresos;2021T1;355,4
Un perceptor;No perceptora de ingresos;2020T4;374,2
Un perceptor;No perceptora de ingresos;2020T3;348,7
Un perceptor;No perceptora de ingresos;2020T2;289,2
Un perceptor;No perceptora de ingresos;2020T1;300,9
Un perceptor;No perceptora de ingresos;2019T4;300,1
Un perceptor;No perceptora de ingresos;2019T3;309,3
Un perceptor;No perceptora de ingresos;2019T2;333,9
Un perceptor;No perceptora de ingresos;2019T1;347
Un perceptor;No perceptora de ingresos;2018T4;344,8
Un perceptor;No perceptora de ingresos;2018T3;352
Un perceptor;No perceptora de ingresos;2018T2;372,7
Un perceptor;No perceptora de ingresos;2018T1;401,6
Un perceptor;No perceptora de ingresos;2017T4;393,8
Un perceptor;No perceptora de ingresos;2017T3;403,8
Un perceptor;No perceptora de ingresos;2017T2;435,2
Un perceptor;No perceptora de ingresos;2017T1;470,3
Un perceptor;No perceptora de ingresos;2016T4;459,8
Un perceptor;No perceptora de ingresos;2016T3;453,5
Un perceptor;No perceptora de ingresos;2016T2;495,4
Un perceptor;No perceptora de ingresos;2016T1;529,4
Un perceptor;No perceptora de ingresos;2015T4;535,7
Un perceptor;No perceptora de ingresos;2015T3;505,3
Un perceptor;No perceptora de ingresos;2015T2;540
Un perceptor;No perceptora de ingresos;2015T1;560,9
Un perceptor;No perceptora de ingresos;2014T4;545,4
Un perceptor;No perceptora de ingresos;2014T3;555,5
Un perceptor;No perceptora de ingresos;2014T2;565,4
Un perceptor;No perceptora de ingresos;2014T1;595,7
Un perceptor;No perceptora de ingresos;2013T4;592
Un perceptor;No perceptora de ingresos;2013T3;568,1
Un perceptor;No perceptora de ingresos;2013T2;584,5
Un perceptor;No perceptora de ingresos;2013T1;584,6
Un perceptor;No perceptora de ingresos;2012T4;560
Un perceptor;No perceptora de ingresos;2012T3;542
Un perceptor;No perceptora de ingresos;2012T2;544,8
Un perceptor;No perceptora de ingresos;2012T1;511,7
Un perceptor;No perceptora de ingresos;2011T4;483,1
Un perceptor;No perceptora de ingresos;2011T3;453,8
Un perceptor;No perceptora de ingresos;2011T2;423,5
Un perceptor;No perceptora de ingresos;2011T1;435,5
Un perceptor;No perceptora de ingresos;2010T4;390,1
Un perceptor;No perceptora de ingresos;2010T3;348,2
Un perceptor;No perceptora de ingresos;2010T2;339,3
Un perceptor;No perceptora de ingresos;2010T1;355,1
Un perceptor;No perceptora de ingresos;2009T4;366,5
Un perceptor;No perceptora de ingresos;2009T3;341,5
Un perceptor;No perceptora de ingresos;2009T2;355,9
Un perceptor;No perceptora de ingresos;2009T1;361,6
Un perceptor;No perceptora de ingresos;2008T4;286,9
Un perceptor;No perceptora de ingresos;2008T3;237,4
Un perceptor;No perceptora de ingresos;2008T2;215,9
Un perceptor;No perceptora de ingresos;2008T1;214,1
Un perceptor;No perceptora de ingresos;2007T4;190
Un perceptor;No perceptora de ingresos;2007T3;168,1
Un perceptor;No perceptora de ingresos;2007T2;154,7
Un perceptor;No perceptora de ingresos;2007T1;167,9
Un perceptor;No perceptora de ingresos;2006T4;151,9
Un perceptor;No perceptora de ingresos;2006T3;147
Un perceptor;No perceptora de ingresos;2006T2;174,2
Un perceptor;No perceptora de ingresos;2006T1;159,7
Un perceptor;No perceptora de ingresos;2005T4;147,8
Un perceptor;No perceptora de ingresos;2005T3;134,9
Un perceptor;No perceptora de ingresos;2005T2;119,5
Un perceptor;No perceptora de ingresos;2005T1;137,9
Un perceptor;No perceptora de ingresos;2004T4;132,6
Un perceptor;No perceptora de ingresos;2004T3;155,8
Un perceptor;No perceptora de ingresos;2004T2;152,8
Un perceptor;No perceptora de ingresos;2004T1;148,5
Un perceptor;No perceptora de ingresos;2003T4;147,7
Un perceptor;No perceptora de ingresos;2003T3;143,2
Un perceptor;No perceptora de ingresos;2003T2;140,9
Un perceptor;No perceptora de ingresos;2003T1;153,8
Un perceptor;No perceptora de ingresos;2002T4;136,9
Un perceptor;No perceptora de ingresos;2002T3;136,4
Un perceptor;No perceptora de ingresos;2002T2;124,9
Un perceptor;No perceptora de ingresos;2002T1;124
Dos perceptores;Total;2025T4;128,3
Dos perceptores;Total;2025T3;144,8
Dos perceptores;Total;2025T2;146,9
Dos perceptores;Total;2025T1;144,8
Dos perceptores;Total;2024T4;148,1
Dos perceptores;Total;2024T3;145,8
Dos perceptores;Total;2024T2;167,4
Dos perceptores;Total;2024T1;163,3
Dos perceptores;Total;2023T4;139,4
Dos perceptores;Total;2023T3;152,4
Dos perceptores;Total;2023T2;162,9
Dos perceptores;Total;2023T1;168,1
Dos perceptores;Total;2022T4;146,5
Dos perceptores;Total;2022T3;156,2
Dos perceptores;Total;2022T2;167,1
Dos perceptores;Total;2022T1;195
Dos perceptores;Total;2021T4;169,5
Dos perceptores;Total;2021T3;174,7
Dos perceptores;Total;2021T2;182,2
Dos perceptores;Total;2021T1;159,4
Dos perceptores;Total;2020T4;136,6
Dos perceptores;Total;2020T3;126,5
Dos perceptores;Total;2020T2;108,2
Dos perceptores;Total;2020T1;118,7
Dos perceptores;Total;2019T4;121,8
Dos perceptores;Total;2019T3;111,5
Dos perceptores;Total;2019T2;124,1
Dos perceptores;Total;2019T1;123,1
Dos perceptores;Total;2018T4;115,5
Dos perceptores;Total;2018T3;120
Dos perceptores;Total;2018T2;133,1
Dos perceptores;Total;2018T1;144,5
Dos perceptores;Total;2017T4;129,4
Dos perceptores;Total;2017T3;133,9
Dos perceptores;Total;2017T2;133,1
Dos perceptores;Total;2017T1;150,9
Dos perceptores;Total;2016T4;156,2
Dos perceptores;Total;2016T3;154,9
Dos perceptores;Total;2016T2;151,5
Dos perceptores;Total;2016T1;155,2
Dos perceptores;Total;2015T4;156,1
Dos perceptores;Total;2015T3;156,7
Dos perceptores;Total;2015T2;149,8
Dos perceptores;Total;2015T1;169,3
Dos perceptores;Total;2014T4;167,7
Dos perceptores;Total;2014T3;173,7
Dos perceptores;Total;2014T2;180
Dos perceptores;Total;2014T1;192,1
Dos perceptores;Total;2013T4;186,7
Dos perceptores;Total;2013T3;200,8
Dos perceptores;Total;2013T2;190,5
Dos perceptores;Total;2013T1;200
Dos perceptores;Total;2012T4;197,1
Dos perceptores;Total;2012T3;194,3
Dos perceptores;Total;2012T2;187,5
Dos perceptores;Total;2012T1;187,4
Dos perceptores;Total;2011T4;175,8
Dos perceptores;Total;2011T3;183,1
Dos perceptores;Total;2011T2;171,2
Dos perceptores;Total;2011T1;178,3
Dos perceptores;Total;2010T4;173,9
Dos perceptores;Total;2010T3;155,7
Dos perceptores;Total;2010T2;175,3
Dos perceptores;Total;2010T1;176,5
Dos perceptores;Total;2009T4;159,7
Dos perceptores;Total;2009T3;163,4
Dos perceptores;Total;2009T2;163
Dos perceptores;Total;2009T1;159,8
Dos perceptores;Total;2008T4;122,9
Dos perceptores;Total;2008T3;112,4
Dos perceptores;Total;2008T2;99,3
Dos perceptores;Total;2008T1;90,2
Dos perceptores;Total;2007T4;70,3
Dos perceptores;Total;2007T3;70,1
Dos perceptores;Total;2007T2;75,5
Dos perceptores;Total;2007T1;75,4
Dos perceptores;Total;2006T4;78,1
Dos perceptores;Total;2006T3;77,4
Dos perceptores;Total;2006T2;71,4
Dos perceptores;Total;2006T1;79,8
Dos perceptores;Total;2005T4;64,7
Dos perceptores;Total;2005T3;68,5
Dos perceptores;Total;2005T2;72,3
Dos perceptores;Total;2005T1;74,3
Dos perceptores;Total;2004T4;64,9
Dos perceptores;Total;2004T3;56,6
Dos perceptores;Total;2004T2;59
Dos perceptores;Total;2004T1;61,7
Dos perceptores;Total;2003T4;54,6
Dos perceptores;Total;2003T3;57,1
Dos perceptores;Total;2003T2;57,3
Dos perceptores;Total;2003T1;61,2
Dos perceptores;Total;2002T4;61,3
Dos perceptores;Total;2002T3;52,1
Dos perceptores;Total;2002T2;60,1
Dos perceptores;Total;2002T1;65,4
Dos perceptores;Perceptora de ingresos;2025T4;54
Dos perceptores;Perceptora de ingresos;2025T3;66
Dos perceptores;Perceptora de ingresos;2025T2;57,5
Dos perceptores;Perceptora de ingresos;2025T1;57,3
Dos perceptores;Perceptora de ingresos;2024T4;64,3
Dos perceptores;Perceptora de ingresos;2024T3;57,7
Dos perceptores;Perceptora de ingresos;2024T2;76,7
Dos perceptores;Perceptora de ingresos;2024T1;77,4
Dos perceptores;Perceptora de ingresos;2023T4;57,8
Dos perceptores;Perceptora de ingresos;2023T3;72,8
Dos perceptores;Perceptora de ingresos;2023T2;68,7
Dos perceptores;Perceptora de ingresos;2023T1;77,9
Dos perceptores;Perceptora de ingresos;2022T4;62,8
Dos perceptores;Perceptora de ingresos;2022T3;70,8
Dos perceptores;Perceptora de ingresos;2022T2;67,1
Dos perceptores;Perceptora de ingresos;2022T1;94,3
Dos perceptores;Perceptora de ingresos;2021T4;70,9
Dos perceptores;Perceptora de ingresos;2021T3;76,9
Dos perceptores;Perceptora de ingresos;2021T2;77,3
Dos perceptores;Perceptora de ingresos;2021T1;71,3
Dos perceptores;Perceptora de ingresos;2020T4;55,8
Dos perceptores;Perceptora de ingresos;2020T3;54
Dos perceptores;Perceptora de ingresos;2020T2;57,8
Dos perceptores;Perceptora de ingresos;2020T1;56,3
Dos perceptores;Perceptora de ingresos;2019T4;56,4
Dos perceptores;Perceptora de ingresos;2019T3;50,8
Dos perceptores;Perceptora de ingresos;2019T2;60,1
Dos perceptores;Perceptora de ingresos;2019T1;48,2
Dos perceptores;Perceptora de ingresos;2018T4;42
Dos perceptores;Perceptora de ingresos;2018T3;43,2
Dos perceptores;Perceptora de ingresos;2018T2;50,1
Dos perceptores;Perceptora de ingresos;2018T1;55,6
Dos perceptores;Perceptora de ingresos;2017T4;54,2
Dos perceptores;Perceptora de ingresos;2017T3;51,3
Dos perceptores;Perceptora de ingresos;2017T2;51,1
Dos perceptores;Perceptora de ingresos;2017T1;59,8
Dos perceptores;Perceptora de ingresos;2016T4;68,9
Dos perceptores;Perceptora de ingresos;2016T3;63,9
Dos perceptores;Perceptora de ingresos;2016T2;62,9
Dos perceptores;Perceptora de ingresos;2016T1;69,9
Dos perceptores;Perceptora de ingresos;2015T4;76
Dos perceptores;Perceptora de ingresos;2015T3;77,2
Dos perceptores;Perceptora de ingresos;2015T2;68
Dos perceptores;Perceptora de ingresos;2015T1;76,2
Dos perceptores;Perceptora de ingresos;2014T4;72,2
Dos perceptores;Perceptora de ingresos;2014T3;73,1
Dos perceptores;Perceptora de ingresos;2014T2;70,9
Dos perceptores;Perceptora de ingresos;2014T1;83,8
Dos perceptores;Perceptora de ingresos;2013T4;98,3
Dos perceptores;Perceptora de ingresos;2013T3;99,1
Dos perceptores;Perceptora de ingresos;2013T2;87,4
Dos perceptores;Perceptora de ingresos;2013T1;94,6
Dos perceptores;Perceptora de ingresos;2012T4;95,9
Dos perceptores;Perceptora de ingresos;2012T3;104,9
Dos perceptores;Perceptora de ingresos;2012T2;98,9
Dos perceptores;Perceptora de ingresos;2012T1;99,2
Dos perceptores;Perceptora de ingresos;2011T4;89,8
Dos perceptores;Perceptora de ingresos;2011T3;93,3
Dos perceptores;Perceptora de ingresos;2011T2;89,7
Dos perceptores;Perceptora de ingresos;2011T1;90,8
Dos perceptores;Perceptora de ingresos;2010T4;99
Dos perceptores;Perceptora de ingresos;2010T3;89,8
Dos perceptores;Perceptora de ingresos;2010T2;99,5
Dos perceptores;Perceptora de ingresos;2010T1;96,1
Dos perceptores;Perceptora de ingresos;2009T4;85,7
Dos perceptores;Perceptora de ingresos;2009T3;81,7
Dos perceptores;Perceptora de ingresos;2009T2;83,5
Dos perceptores;Perceptora de ingresos;2009T1;76,4
Dos perceptores;Perceptora de ingresos;2008T4;55,1
Dos perceptores;Perceptora de ingresos;2008T3;53,9
Dos perceptores;Perceptora de ingresos;2008T2;41,2
Dos perceptores;Perceptora de ingresos;2008T1;38
Dos perceptores;Perceptora de ingresos;2007T4;26,9
Dos perceptores;Perceptora de ingresos;2007T3;26,4
Dos perceptores;Perceptora de ingresos;2007T2;34
Dos perceptores;Perceptora de ingresos;2007T1;31,7
Dos perceptores;Perceptora de ingresos;2006T4;27,2
Dos perceptores;Perceptora de ingresos;2006T3;28
Dos perceptores;Perceptora de ingresos;2006T2;24
Dos perceptores;Perceptora de ingresos;2006T1;31,6
Dos perceptores;Perceptora de ingresos;2005T4;26
Dos perceptores;Perceptora de ingresos;2005T3;34,2
Dos perceptores;Perceptora de ingresos;2005T2;38
Dos perceptores;Perceptora de ingresos;2005T1;37,7
Dos perceptores;Perceptora de ingresos;2004T4;28,9
Dos perceptores;Perceptora de ingresos;2004T3;27,1
Dos perceptores;Perceptora de ingresos;2004T2;27,7
Dos perceptores;Perceptora de ingresos;2004T1;31,3
Dos perceptores;Perceptora de ingresos;2003T4;27,2
Dos perceptores;Perceptora de ingresos;2003T3;25,8
Dos perceptores;Perceptora de ingresos;2003T2;23,5
Dos perceptores;Perceptora de ingresos;2003T1;26,5
Dos perceptores;Perceptora de ingresos;2002T4;32,6
Dos perceptores;Perceptora de ingresos;2002T3;28
Dos perceptores;Perceptora de ingresos;2002T2;26,4
Dos perceptores;Perceptora de ingresos;2002T1;31,6
Dos perceptores;No perceptora de ingresos;2025T4;74,3
Dos perceptores;No perceptora de ingresos;2025T3;78,8
Dos perceptores;No perceptora de ingresos;2025T2;89,4
Dos perceptores;No perceptora de ingresos;2025T1;87,5
Dos perceptores;No perceptora de ingresos;2024T4;83,8
Dos perceptores;No perceptora de ingresos;2024T3;88,1
Dos perceptores;No perceptora de ingresos;2024T2;90,7
Dos perceptores;No perceptora de ingresos;2024T1;86
Dos perceptores;No perceptora de ingresos;2023T4;81,7
Dos perceptores;No perceptora de ingresos;2023T3;79,6
Dos perceptores;No perceptora de ingresos;2023T2;94,1
Dos perceptores;No perceptora de ingresos;2023T1;90,2
Dos perceptores;No perceptora de ingresos;2022T4;83,7
Dos perceptores;No perceptora de ingresos;2022T3;85,3
Dos perceptores;No perceptora de ingresos;2022T2;100
Dos perceptores;No perceptora de ingresos;2022T1;100,8
Dos perceptores;No perceptora de ingresos;2021T4;98,6
Dos perceptores;No perceptora de ingresos;2021T3;97,8
Dos perceptores;No perceptora de ingresos;2021T2;104,9
Dos perceptores;No perceptora de ingresos;2021T1;88,1
Dos perceptores;No perceptora de ingresos;2020T4;80,8
Dos perceptores;No perceptora de ingresos;2020T3;72,5
Dos perceptores;No perceptora de ingresos;2020T2;50,4
Dos perceptores;No perceptora de ingresos;2020T1;62,4
Dos perceptores;No perceptora de ingresos;2019T4;65,5
Dos perceptores;No perceptora de ingresos;2019T3;60,7
Dos perceptores;No perceptora de ingresos;2019T2;64
Dos perceptores;No perceptora de ingresos;2019T1;74,9
Dos perceptores;No perceptora de ingresos;2018T4;73,5
Dos perceptores;No perceptora de ingresos;2018T3;76,8
Dos perceptores;No perceptora de ingresos;2018T2;83
Dos perceptores;No perceptora de ingresos;2018T1;89
Dos perceptores;No perceptora de ingresos;2017T4;75,2
Dos perceptores;No perceptora de ingresos;2017T3;82,5
Dos perceptores;No perceptora de ingresos;2017T2;82,1
Dos perceptores;No perceptora de ingresos;2017T1;91,1
Dos perceptores;No perceptora de ingresos;2016T4;87,3
Dos perceptores;No perceptora de ingresos;2016T3;91
Dos perceptores;No perceptora de ingresos;2016T2;88,6
Dos perceptores;No perceptora de ingresos;2016T1;85,3
Dos perceptores;No perceptora de ingresos;2015T4;80,1
Dos perceptores;No perceptora de ingresos;2015T3;79,5
Dos perceptores;No perceptora de ingresos;2015T2;81,8
Dos perceptores;No perceptora de ingresos;2015T1;93,1
Dos perceptores;No perceptora de ingresos;2014T4;95,5
Dos perceptores;No perceptora de ingresos;2014T3;100,6
Dos perceptores;No perceptora de ingresos;2014T2;109,1
Dos perceptores;No perceptora de ingresos;2014T1;108,3
Dos perceptores;No perceptora de ingresos;2013T4;88,4
Dos perceptores;No perceptora de ingresos;2013T3;101,6
Dos perceptores;No perceptora de ingresos;2013T2;103,1
Dos perceptores;No perceptora de ingresos;2013T1;105,4
Dos perceptores;No perceptora de ingresos;2012T4;101,3
Dos perceptores;No perceptora de ingresos;2012T3;89,4
Dos perceptores;No perceptora de ingresos;2012T2;88,6
Dos perceptores;No perceptora de ingresos;2012T1;88,2
Dos perceptores;No perceptora de ingresos;2011T4;86
Dos perceptores;No perceptora de ingresos;2011T3;89,7
Dos perceptores;No perceptora de ingresos;2011T2;81,5
Dos perceptores;No perceptora de ingresos;2011T1;87,5
Dos perceptores;No perceptora de ingresos;2010T4;75
Dos perceptores;No perceptora de ingresos;2010T3;65,9
Dos perceptores;No perceptora de ingresos;2010T2;75,8
Dos perceptores;No perceptora de ingresos;2010T1;80,4
Dos perceptores;No perceptora de ingresos;2009T4;74
Dos perceptores;No perceptora de ingresos;2009T3;81,7
Dos perceptores;No perceptora de ingresos;2009T2;79,6
Dos perceptores;No perceptora de ingresos;2009T1;83,4
Dos perceptores;No perceptora de ingresos;2008T4;67,8
Dos perceptores;No perceptora de ingresos;2008T3;58,5
Dos perceptores;No perceptora de ingresos;2008T2;58,2
Dos perceptores;No perceptora de ingresos;2008T1;52,2
Dos perceptores;No perceptora de ingresos;2007T4;43,4
Dos perceptores;No perceptora de ingresos;2007T3;43,7
Dos perceptores;No perceptora de ingresos;2007T2;41,5
Dos perceptores;No perceptora de ingresos;2007T1;43,6
Dos perceptores;No perceptora de ingresos;2006T4;50,9
Dos perceptores;No perceptora de ingresos;2006T3;49,4
Dos perceptores;No perceptora de ingresos;2006T2;47,4
Dos perceptores;No perceptora de ingresos;2006T1;48,2
Dos perceptores;No perceptora de ingresos;2005T4;38,7
Dos perceptores;No perceptora de ingresos;2005T3;34,3
Dos perceptores;No perceptora de ingresos;2005T2;34,3
Dos perceptores;No perceptora de ingresos;2005T1;36,6
Dos perceptores;No perceptora de ingresos;2004T4;36
Dos perceptores;No perceptora de ingresos;2004T3;29,5
Dos perceptores;No perceptora de ingresos;2004T2;31,3
Dos perceptores;No perceptora de ingresos;2004T1;30,5
Dos perceptores;No perceptora de ingresos;2003T4;27,4
Dos perceptores;No perceptora de ingresos;2003T3;31,3
Dos perceptores;No perceptora de ingresos;2003T2;33,8
Dos perceptores;No perceptora de ingresos;2003T1;34,7
Dos perceptores;No perceptora de ingresos;2002T4;28,7
Dos perceptores;No perceptora de ingresos;2002T3;24
Dos perceptores;No perceptora de ingresos;2002T2;33,8
Dos perceptores;No perceptora de ingresos;2002T1;33,8
Tres perceptores;Total;2025T4;35,4
Tres perceptores;Total;2025T3;37,7
Tres perceptores;Total;2025T2;36,1
Tres perceptores;Total;2025T1;36,7
Tres perceptores;Total;2024T4;31,3
Tres perceptores;Total;2024T3;35,4
Tres perceptores;Total;2024T2;40,7
Tres perceptores;Total;2024T1;37,7
Tres perceptores;Total;2023T4;27,3
Tres perceptores;Total;2023T3;36
Tres perceptores;Total;2023T2;33
Tres perceptores;Total;2023T1;32,7
Tres perceptores;Total;2022T4;39
Tres perceptores;Total;2022T3;30,9
Tres perceptores;Total;2022T2;35,6
Tres perceptores;Total;2022T1;40,7
Tres perceptores;Total;2021T4;32
Tres perceptores;Total;2021T3;45,3
Tres perceptores;Total;2021T2;33,6
Tres perceptores;Total;2021T1;31,5
Tres perceptores;Total;2020T4;27,2
Tres perceptores;Total;2020T3;16,8
Tres perceptores;Total;2020T2;26
Tres perceptores;Total;2020T1;24,3
Tres perceptores;Total;2019T4;25,6
Tres perceptores;Total;2019T3;28,7
Tres perceptores;Total;2019T2;32,9
Tres perceptores;Total;2019T1;34,3
Tres perceptores;Total;2018T4;32,7
Tres perceptores;Total;2018T3;28,3
Tres perceptores;Total;2018T2;31,2
Tres perceptores;Total;2018T1;29,7
Tres perceptores;Total;2017T4;27,5
Tres perceptores;Total;2017T3;26,3
Tres perceptores;Total;2017T2;23,7
Tres perceptores;Total;2017T1;23,3
Tres perceptores;Total;2016T4;29,7
Tres perceptores;Total;2016T3;27,9
Tres perceptores;Total;2016T2;31,8
Tres perceptores;Total;2016T1;28,4
Tres perceptores;Total;2015T4;27
Tres perceptores;Total;2015T3;30,8
Tres perceptores;Total;2015T2;35
Tres perceptores;Total;2015T1;28,6
Tres perceptores;Total;2014T4;32,9
Tres perceptores;Total;2014T3;35,9
Tres perceptores;Total;2014T2;35,4
Tres perceptores;Total;2014T1;27
Tres perceptores;Total;2013T4;33,1
Tres perceptores;Total;2013T3;36,6
Tres perceptores;Total;2013T2;40,3
Tres perceptores;Total;2013T1;41,8
Tres perceptores;Total;2012T4;40,5
Tres perceptores;Total;2012T3;49,9
Tres perceptores;Total;2012T2;43,4
Tres perceptores;Total;2012T1;40,3
Tres perceptores;Total;2011T4;46,3
Tres perceptores;Total;2011T3;55,7
Tres perceptores;Total;2011T2;35,7
Tres perceptores;Total;2011T1;48,3
Tres perceptores;Total;2010T4;38,5
Tres perceptores;Total;2010T3;37,9
Tres perceptores;Total;2010T2;46,6
Tres perceptores;Total;2010T1;51,1
Tres perceptores;Total;2009T4;45,5
Tres perceptores;Total;2009T3;38
Tres perceptores;Total;2009T2;40,2
Tres perceptores;Total;2009T1;38,5
Tres perceptores;Total;2008T4;36,7
Tres perceptores;Total;2008T3;30,3
Tres perceptores;Total;2008T2;31,9
Tres perceptores;Total;2008T1;32,4
Tres perceptores;Total;2007T4;27,9
Tres perceptores;Total;2007T3;29,1
Tres perceptores;Total;2007T2;27,5
Tres perceptores;Total;2007T1;26,2
Tres perceptores;Total;2006T4;32,9
Tres perceptores;Total;2006T3;25,6
Tres perceptores;Total;2006T2;21,4
Tres perceptores;Total;2006T1;21,8
Tres perceptores;Total;2005T4;26,4
Tres perceptores;Total;2005T3;16,7
Tres perceptores;Total;2005T2;17,4
Tres perceptores;Total;2005T1;20,6
Tres perceptores;Total;2004T4;19,1
Tres perceptores;Total;2004T3;24,7
Tres perceptores;Total;2004T2;21
Tres perceptores;Total;2004T1;15,7
Tres perceptores;Total;2003T4;17,4
Tres perceptores;Total;2003T3;16,8
Tres perceptores;Total;2003T2;13
Tres perceptores;Total;2003T1;13,4
Tres perceptores;Total;2002T4;12,4
Tres perceptores;Total;2002T3;17
Tres perceptores;Total;2002T2;17,3
Tres perceptores;Total;2002T1;16,5
Tres perceptores;Perceptora de ingresos;2025T4;18
Tres perceptores;Perceptora de ingresos;2025T3;22,7
Tres perceptores;Perceptora de ingresos;2025T2;19,2
Tres perceptores;Perceptora de ingresos;2025T1;17,4
Tres perceptores;Perceptora de ingresos;2024T4;13,7
Tres perceptores;Perceptora de ingresos;2024T3;13,3
Tres perceptores;Perceptora de ingresos;2024T2;16,4
Tres perceptores;Perceptora de ingresos;2024T1;21,4
Tres perceptores;Perceptora de ingresos;2023T4;11,4
Tres perceptores;Perceptora de ingresos;2023T3;10,9
Tres perceptores;Perceptora de ingresos;2023T2;11,7
Tres perceptores;Perceptora de ingresos;2023T1;14,2
Tres perceptores;Perceptora de ingresos;2022T4;15,2
Tres perceptores;Perceptora de ingresos;2022T3;13,2
Tres perceptores;Perceptora de ingresos;2022T2;14,1
Tres perceptores;Perceptora de ingresos;2022T1;19,8
Tres perceptores;Perceptora de ingresos;2021T4;12,2
Tres perceptores;Perceptora de ingresos;2021T3;20,7
Tres perceptores;Perceptora de ingresos;2021T2;18,9
Tres perceptores;Perceptora de ingresos;2021T1;15,1
Tres perceptores;Perceptora de ingresos;2020T4;12
Tres perceptores;Perceptora de ingresos;2020T3;8,2
Tres perceptores;Perceptora de ingresos;2020T2;15,6
Tres perceptores;Perceptora de ingresos;2020T1;13
Tres perceptores;Perceptora de ingresos;2019T4;11,5
Tres perceptores;Perceptora de ingresos;2019T3;10,1
Tres perceptores;Perceptora de ingresos;2019T2;16,7
Tres perceptores;Perceptora de ingresos;2019T1;13
Tres perceptores;Perceptora de ingresos;2018T4;13,5
Tres perceptores;Perceptora de ingresos;2018T3;10,4
Tres perceptores;Perceptora de ingresos;2018T2;14
Tres perceptores;Perceptora de ingresos;2018T1;15,3
Tres perceptores;Perceptora de ingresos;2017T4;9,6
Tres perceptores;Perceptora de ingresos;2017T3;9,7
Tres perceptores;Perceptora de ingresos;2017T2;9,8
Tres perceptores;Perceptora de ingresos;2017T1;11,8
Tres perceptores;Perceptora de ingresos;2016T4;13,7
Tres perceptores;Perceptora de ingresos;2016T3;10,2
Tres perceptores;Perceptora de ingresos;2016T2;11,2
Tres perceptores;Perceptora de ingresos;2016T1;11,5
Tres perceptores;Perceptora de ingresos;2015T4;8,8
Tres perceptores;Perceptora de ingresos;2015T3;16
Tres perceptores;Perceptora de ingresos;2015T2;14
Tres perceptores;Perceptora de ingresos;2015T1;14,5
Tres perceptores;Perceptora de ingresos;2014T4;14,1
Tres perceptores;Perceptora de ingresos;2014T3;18,8
Tres perceptores;Perceptora de ingresos;2014T2;17,8
Tres perceptores;Perceptora de ingresos;2014T1;11,3
Tres perceptores;Perceptora de ingresos;2013T4;15,5
Tres perceptores;Perceptora de ingresos;2013T3;19,6
Tres perceptores;Perceptora de ingresos;2013T2;20,5
Tres perceptores;Perceptora de ingresos;2013T1;21,2
Tres perceptores;Perceptora de ingresos;2012T4;20,9
Tres perceptores;Perceptora de ingresos;2012T3;23,8
Tres perceptores;Perceptora de ingresos;2012T2;23,2
Tres perceptores;Perceptora de ingresos;2012T1;22,4
Tres perceptores;Perceptora de ingresos;2011T4;23,3
Tres perceptores;Perceptora de ingresos;2011T3;23,7
Tres perceptores;Perceptora de ingresos;2011T2;17
Tres perceptores;Perceptora de ingresos;2011T1;26,1
Tres perceptores;Perceptora de ingresos;2010T4;18
Tres perceptores;Perceptora de ingresos;2010T3;18,7
Tres perceptores;Perceptora de ingresos;2010T2;25,5
Tres perceptores;Perceptora de ingresos;2010T1;28,8
Tres perceptores;Perceptora de ingresos;2009T4;24,7
Tres perceptores;Perceptora de ingresos;2009T3;19
Tres perceptores;Perceptora de ingresos;2009T2;22,5
Tres perceptores;Perceptora de ingresos;2009T1;19,9
Tres perceptores;Perceptora de ingresos;2008T4;17,4
Tres perceptores;Perceptora de ingresos;2008T3;16
Tres perceptores;Perceptora de ingresos;2008T2;13,2
Tres perceptores;Perceptora de ingresos;2008T1;12,1
Tres perceptores;Perceptora de ingresos;2007T4;9,2
Tres perceptores;Perceptora de ingresos;2007T3;10,8
Tres perceptores;Perceptora de ingresos;2007T2;10,3
Tres perceptores;Perceptora de ingresos;2007T1;7,6
Tres perceptores;Perceptora de ingresos;2006T4;9,7
Tres perceptores;Perceptora de ingresos;2006T3;10,8
Tres perceptores;Perceptora de ingresos;2006T2;7,7
Tres perceptores;Perceptora de ingresos;2006T1;8,1
Tres perceptores;Perceptora de ingresos;2005T4;9,1
Tres perceptores;Perceptora de ingresos;2005T3;6,8
Tres perceptores;Perceptora de ingresos;2005T2;8,2
Tres perceptores;Perceptora de ingresos;2005T1;6,8
Tres perceptores;Perceptora de ingresos;2004T4;8,9
Tres perceptores;Perceptora de ingresos;2004T3;12,1
Tres perceptores;Perceptora de ingresos;2004T2;9,2
Tres perceptores;Perceptora de ingresos;2004T1;7,5
Tres perceptores;Perceptora de ingresos;2003T4;8,3
Tres perceptores;Perceptora de ingresos;2003T3;7,8
Tres perceptores;Perceptora de ingresos;2003T2;5,4
Tres perceptores;Perceptora de ingresos;2003T1;6,4
Tres perceptores;Perceptora de ingresos;2002T4;5,8
Tres perceptores;Perceptora de ingresos;2002T3;7,4
Tres perceptores;Perceptora de ingresos;2002T2;8,1
Tres perceptores;Perceptora de ingresos;2002T1;8,5
Tres perceptores;No perceptora de ingresos;2025T4;17,4
Tres perceptores;No perceptora de ingresos;2025T3;15
Tres perceptores;No perceptora de ingresos;2025T2;16,9
Tres perceptores;No perceptora de ingresos;2025T1;19,3
Tres perceptores;No perceptora de ingresos;2024T4;17,6
Tres perceptores;No perceptora de ingresos;2024T3;22
Tres perceptores;No perceptora de ingresos;2024T2;24,4
Tres perceptores;No perceptora de ingresos;2024T1;16,2
Tres perceptores;No perceptora de ingresos;2023T4;15,9
Tres perceptores;No perceptora de ingresos;2023T3;25,1
Tres perceptores;No perceptora de ingresos;2023T2;21,3
Tres perceptores;No perceptora de ingresos;2023T1;18,4
Tres perceptores;No perceptora de ingresos;2022T4;23,8
Tres perceptores;No perceptora de ingresos;2022T3;17,7
Tres perceptores;No perceptora de ingresos;2022T2;21,5
Tres perceptores;No perceptora de ingresos;2022T1;20,9
Tres perceptores;No perceptora de ingresos;2021T4;19,8
Tres perceptores;No perceptora de ingresos;2021T3;24,6
Tres perceptores;No perceptora de ingresos;2021T2;14,7
Tres perceptores;No perceptora de ingresos;2021T1;16,4
Tres perceptores;No perceptora de ingresos;2020T4;15,2
Tres perceptores;No perceptora de ingresos;2020T3;8,6
Tres perceptores;No perceptora de ingresos;2020T2;10,4
Tres perceptores;No perceptora de ingresos;2020T1;11,3
Tres perceptores;No perceptora de ingresos;2019T4;14,2
Tres perceptores;No perceptora de ingresos;2019T3;18,6
Tres perceptores;No perceptora de ingresos;2019T2;16,3
Tres perceptores;No perceptora de ingresos;2019T1;21,3
Tres perceptores;No perceptora de ingresos;2018T4;19,2
Tres perceptores;No perceptora de ingresos;2018T3;18
Tres perceptores;No perceptora de ingresos;2018T2;17,2
Tres perceptores;No perceptora de ingresos;2018T1;14,3
Tres perceptores;No perceptora de ingresos;2017T4;17,9
Tres perceptores;No perceptora de ingresos;2017T3;16,6
Tres perceptores;No perceptora de ingresos;2017T2;13,8
Tres perceptores;No perceptora de ingresos;2017T1;11,5
Tres perceptores;No perceptora de ingresos;2016T4;16
Tres perceptores;No perceptora de ingresos;2016T3;17,7
Tres perceptores;No perceptora de ingresos;2016T2;20,6
Tres perceptores;No perceptora de ingresos;2016T1;16,9
Tres perceptores;No perceptora de ingresos;2015T4;18,2
Tres perceptores;No perceptora de ingresos;2015T3;14,7
Tres perceptores;No perceptora de ingresos;2015T2;21
Tres perceptores;No perceptora de ingresos;2015T1;14,1
Tres perceptores;No perceptora de ingresos;2014T4;18,9
Tres perceptores;No perceptora de ingresos;2014T3;17
Tres perceptores;No perceptora de ingresos;2014T2;17,6
Tres perceptores;No perceptora de ingresos;2014T1;15,8
Tres perceptores;No perceptora de ingresos;2013T4;17,5
Tres perceptores;No perceptora de ingresos;2013T3;16,9
Tres perceptores;No perceptora de ingresos;2013T2;19,8
Tres perceptores;No perceptora de ingresos;2013T1;20,6
Tres perceptores;No perceptora de ingresos;2012T4;19,6
Tres perceptores;No perceptora de ingresos;2012T3;26
Tres perceptores;No perceptora de ingresos;2012T2;20,2
Tres perceptores;No perceptora de ingresos;2012T1;17,9
Tres perceptores;No perceptora de ingresos;2011T4;22,9
Tres perceptores;No perceptora de ingresos;2011T3;32,1
Tres perceptores;No perceptora de ingresos;2011T2;18,6
Tres perceptores;No perceptora de ingresos;2011T1;22,2
Tres perceptores;No perceptora de ingresos;2010T4;20,5
Tres perceptores;No perceptora de ingresos;2010T3;19,1
Tres perceptores;No perceptora de ingresos;2010T2;21,1
Tres perceptores;No perceptora de ingresos;2010T1;22,4
Tres perceptores;No perceptora de ingresos;2009T4;20,9
Tres perceptores;No perceptora de ingresos;2009T3;19
Tres perceptores;No perceptora de ingresos;2009T2;17,7
Tres perceptores;No perceptora de ingresos;2009T1;18,6
Tres perceptores;No perceptora de ingresos;2008T4;19,2
Tres perceptores;No perceptora de ingresos;2008T3;14,3
Tres perceptores;No perceptora de ingresos;2008T2;18,6
Tres perceptores;No perceptora de ingresos;2008T1;20,3
Tres perceptores;No perceptora de ingresos;2007T4;18,6
Tres perceptores;No perceptora de ingresos;2007T3;18,4
Tres perceptores;No perceptora de ingresos;2007T2;17,2
Tres perceptores;No perceptora de ingresos;2007T1;18,6
Tres perceptores;No perceptora de ingresos;2006T4;23,2
Tres perceptores;No perceptora de ingresos;2006T3;14,8
Tres perceptores;No perceptora de ingresos;2006T2;13,6
Tres perceptores;No perceptora de ingresos;2006T1;13,8
Tres perceptores;No perceptora de ingresos;2005T4;17,3
Tres perceptores;No perceptora de ingresos;2005T3;9,8
Tres perceptores;No perceptora de ingresos;2005T2;9,3
Tres perceptores;No perceptora de ingresos;2005T1;13,8
Tres perceptores;No perceptora de ingresos;2004T4;10,1
Tres perceptores;No perceptora de ingresos;2004T3;12,5
Tres perceptores;No perceptora de ingresos;2004T2;11,8
Tres perceptores;No perceptora de ingresos;2004T1;8,3
Tres perceptores;No perceptora de ingresos;2003T4;9
Tres perceptores;No perceptora de ingresos;2003T3;9
Tres perceptores;No perceptora de ingresos;2003T2;7,6
Tres perceptores;No perceptora de ingresos;2003T1;7
Tres perceptores;No perceptora de ingresos;2002T4;6,6
Tres perceptores;No perceptora de ingresos;2002T3;9,6
Tres perceptores;No perceptora de ingresos;2002T2;9,2
Tres perceptores;No perceptora de ingresos;2002T1;8,1
Cuatro y más perceptores;Total;2025T4;11,2
Cuatro y más perceptores;Total;2025T3;8,4
Cuatro y más perceptores;Total;2025T2;8,5
Cuatro y más perceptores;Total;2025T1;6,7
Cuatro y más perceptores;Total;2024T4;0,8
Cuatro y más perceptores;Total;2024T3;2,6
Cuatro y más perceptores;Total;2024T2;6,3
Cuatro y más perceptores;Total;2024T1;3,6
Cuatro y más perceptores;Total;2023T4;12,5
Cuatro y más perceptores;Total;2023T3;5,2
Cuatro y más perceptores;Total;2023T2;4,3
Cuatro y más perceptores;Total;2023T1;3,8
Cuatro y más perceptores;Total;2022T4;3
Cuatro y más perceptores;Total;2022T3;7,2
Cuatro y más perceptores;Total;2022T2;7,5
Cuatro y más perceptores;Total;2022T1;4
Cuatro y más perceptores;Total;2021T4;2,4
Cuatro y más perceptores;Total;2021T3;9,9
Cuatro y más perceptores;Total;2021T2;3,6
Cuatro y más perceptores;Total;2021T1;3,5
Cuatro y más perceptores;Total;2020T4;4,3
Cuatro y más perceptores;Total;2020T3;3,1
Cuatro y más perceptores;Total;2020T2;5,3
Cuatro y más perceptores;Total;2020T1;2,9
Cuatro y más perceptores;Total;2019T4;3,2
Cuatro y más perceptores;Total;2019T3;5,4
Cuatro y más perceptores;Total;2019T2;3,5
Cuatro y más perceptores;Total;2019T1;3,7
Cuatro y más perceptores;Total;2018T4;6,7
Cuatro y más perceptores;Total;2018T3;6,7
Cuatro y más perceptores;Total;2018T2;4,4
Cuatro y más perceptores;Total;2018T1;3,4
Cuatro y más perceptores;Total;2017T4;4,4
Cuatro y más perceptores;Total;2017T3;2,2
Cuatro y más perceptores;Total;2017T2;3,4
Cuatro y más perceptores;Total;2017T1;4,3
Cuatro y más perceptores;Total;2016T4;5,3
Cuatro y más perceptores;Total;2016T3;7,5
Cuatro y más perceptores;Total;2016T2;4,8
Cuatro y más perceptores;Total;2016T1;4,6
Cuatro y más perceptores;Total;2015T4;6,5
Cuatro y más perceptores;Total;2015T3;3,9
Cuatro y más perceptores;Total;2015T2;4,2
Cuatro y más perceptores;Total;2015T1;6,1
Cuatro y más perceptores;Total;2014T4;3,4
Cuatro y más perceptores;Total;2014T3;3,3
Cuatro y más perceptores;Total;2014T2;3,5
Cuatro y más perceptores;Total;2014T1;3,1
Cuatro y más perceptores;Total;2013T4;3,8
Cuatro y más perceptores;Total;2013T3;5,1
Cuatro y más perceptores;Total;2013T2;9,5
Cuatro y más perceptores;Total;2013T1;4,4
Cuatro y más perceptores;Total;2012T4;6,4
Cuatro y más perceptores;Total;2012T3;7
Cuatro y más perceptores;Total;2012T2;7,8
Cuatro y más perceptores;Total;2012T1;10,6
Cuatro y más perceptores;Total;2011T4;7,2
Cuatro y más perceptores;Total;2011T3;10,2
Cuatro y más perceptores;Total;2011T2;8
Cuatro y más perceptores;Total;2011T1;6,5
Cuatro y más perceptores;Total;2010T4;11,4
Cuatro y más perceptores;Total;2010T3;11,4
Cuatro y más perceptores;Total;2010T2;8,8
Cuatro y más perceptores;Total;2010T1;10,7
Cuatro y más perceptores;Total;2009T4;4,7
Cuatro y más perceptores;Total;2009T3;8
Cuatro y más perceptores;Total;2009T2;8,8
Cuatro y más perceptores;Total;2009T1;6,8
Cuatro y más perceptores;Total;2008T4;8,4
Cuatro y más perceptores;Total;2008T3;6,1
Cuatro y más perceptores;Total;2008T2;10
Cuatro y más perceptores;Total;2008T1;8,6
Cuatro y más perceptores;Total;2007T4;7
Cuatro y más perceptores;Total;2007T3;3,6
Cuatro y más perceptores;Total;2007T2;4,7
Cuatro y más perceptores;Total;2007T1;9,1
Cuatro y más perceptores;Total;2006T4;4,3
Cuatro y más perceptores;Total;2006T3;4,9
Cuatro y más perceptores;Total;2006T2;7,8
Cuatro y más perceptores;Total;2006T1;2,8
Cuatro y más perceptores;Total;2005T4;4,8
Cuatro y más perceptores;Total;2005T3;4,4
Cuatro y más perceptores;Total;2005T2;5
Cuatro y más perceptores;Total;2005T1;7,8
Cuatro y más perceptores;Total;2004T4;7,6
Cuatro y más perceptores;Total;2004T3;3,8
Cuatro y más perceptores;Total;2004T2;5,1
Cuatro y más perceptores;Total;2004T1;5,5
Cuatro y más perceptores;Total;2003T4;4,2
Cuatro y más perceptores;Total;2003T3;3,9
Cuatro y más perceptores;Total;2003T2;5
Cuatro y más perceptores;Total;2003T1;4,1
Cuatro y más perceptores;Total;2002T4;7,3
Cuatro y más perceptores;Total;2002T3;5,5
Cuatro y más perceptores;Total;2002T2;6,5
Cuatro y más perceptores;Total;2002T1;4,9
Cuatro y más perceptores;Perceptora de ingresos;2025T4;5
Cuatro y más perceptores;Perceptora de ingresos;2025T3;3,2
Cuatro y más perceptores;Perceptora de ingresos;2025T2;1,6
Cuatro y más perceptores;Perceptora de ingresos;2025T1;0,9
Cuatro y más perceptores;Perceptora de ingresos;2024T4;0,8
Cuatro y más perceptores;Perceptora de ingresos;2024T3;2,3
Cuatro y más perceptores;Perceptora de ingresos;2024T2;1
Cuatro y más perceptores;Perceptora de ingresos;2024T1;3,3
Cuatro y más perceptores;Perceptora de ingresos;2023T4;4,9
Cuatro y más perceptores;Perceptora de ingresos;2023T3;2,3
Cuatro y más perceptores;Perceptora de ingresos;2023T2;0,3
Cuatro y más perceptores;Perceptora de ingresos;2023T1;0,7
Cuatro y más perceptores;Perceptora de ingresos;2022T4;..
Cuatro y más perceptores;Perceptora de ingresos;2022T3;1,5
Cuatro y más perceptores;Perceptora de ingresos;2022T2;0,7
Cuatro y más perceptores;Perceptora de ingresos;2022T1;1,8
Cuatro y más perceptores;Perceptora de ingresos;2021T4;1
Cuatro y más perceptores;Perceptora de ingresos;2021T3;..
Cuatro y más perceptores;Perceptora de ingresos;2021T2;1,4
Cuatro y más perceptores;Perceptora de ingresos;2021T1;0,8
Cuatro y más perceptores;Perceptora de ingresos;2020T4;3,3
Cuatro y más perceptores;Perceptora de ingresos;2020T3;1,9
Cuatro y más perceptores;Perceptora de ingresos;2020T2;2,5
Cuatro y más perceptores;Perceptora de ingresos;2020T1;0,8
Cuatro y más perceptores;Perceptora de ingresos;2019T4;2
Cuatro y más perceptores;Perceptora de ingresos;2019T3;3
Cuatro y más perceptores;Perceptora de ingresos;2019T2;1,8
Cuatro y más perceptores;Perceptora de ingresos;2019T1;2,5
Cuatro y más perceptores;Perceptora de ingresos;2018T4;2,1
Cuatro y más perceptores;Perceptora de ingresos;2018T3;2,8
Cuatro y más perceptores;Perceptora de ingresos;2018T2;2,3
Cuatro y más perceptores;Perceptora de ingresos;2018T1;1,6
Cuatro y más perceptores;Perceptora de ingresos;2017T4;1,4
Cuatro y más perceptores;Perceptora de ingresos;2017T3;1,6
Cuatro y más perceptores;Perceptora de ingresos;2017T2;0,8
Cuatro y más perceptores;Perceptora de ingresos;2017T1;1,5
Cuatro y más perceptores;Perceptora de ingresos;2016T4;1,8
Cuatro y más perceptores;Perceptora de ingresos;2016T3;1,7
Cuatro y más perceptores;Perceptora de ingresos;2016T2;0,6
Cuatro y más perceptores;Perceptora de ingresos;2016T1;1,8
Cuatro y más perceptores;Perceptora de ingresos;2015T4;3,1
Cuatro y más perceptores;Perceptora de ingresos;2015T3;2,2
Cuatro y más perceptores;Perceptora de ingresos;2015T2;1,8
Cuatro y más perceptores;Perceptora de ingresos;2015T1;4
Cuatro y más perceptores;Perceptora de ingresos;2014T4;1,2
Cuatro y más perceptores;Perceptora de ingresos;2014T3;1,3
Cuatro y más perceptores;Perceptora de ingresos;2014T2;1,7
Cuatro y más perceptores;Perceptora de ingresos;2014T1;0,4
Cuatro y más perceptores;Perceptora de ingresos;2013T4;1,4
Cuatro y más perceptores;Perceptora de ingresos;2013T3;2,4
Cuatro y más perceptores;Perceptora de ingresos;2013T2;4,3
Cuatro y más perceptores;Perceptora de ingresos;2013T1;2,2
Cuatro y más perceptores;Perceptora de ingresos;2012T4;2,3
Cuatro y más perceptores;Perceptora de ingresos;2012T3;3,6
Cuatro y más perceptores;Perceptora de ingresos;2012T2;3,4
Cuatro y más perceptores;Perceptora de ingresos;2012T1;2,8
Cuatro y más perceptores;Perceptora de ingresos;2011T4;2,1
Cuatro y más perceptores;Perceptora de ingresos;2011T3;5,9
Cuatro y más perceptores;Perceptora de ingresos;2011T2;4,5
Cuatro y más perceptores;Perceptora de ingresos;2011T1;3,3
Cuatro y más perceptores;Perceptora de ingresos;2010T4;4,8
Cuatro y más perceptores;Perceptora de ingresos;2010T3;4,5
Cuatro y más perceptores;Perceptora de ingresos;2010T2;3,6
Cuatro y más perceptores;Perceptora de ingresos;2010T1;6,9
Cuatro y más perceptores;Perceptora de ingresos;2009T4;3,1
Cuatro y más perceptores;Perceptora de ingresos;2009T3;3,5
Cuatro y más perceptores;Perceptora de ingresos;2009T2;4,3
Cuatro y más perceptores;Perceptora de ingresos;2009T1;2,9
Cuatro y más perceptores;Perceptora de ingresos;2008T4;5,9
Cuatro y más perceptores;Perceptora de ingresos;2008T3;3,7
Cuatro y más perceptores;Perceptora de ingresos;2008T2;3,7
Cuatro y más perceptores;Perceptora de ingresos;2008T1;1,9
Cuatro y más perceptores;Perceptora de ingresos;2007T4;2,4
Cuatro y más perceptores;Perceptora de ingresos;2007T3;0,7
Cuatro y más perceptores;Perceptora de ingresos;2007T2;0,8
Cuatro y más perceptores;Perceptora de ingresos;2007T1;2,4
Cuatro y más perceptores;Perceptora de ingresos;2006T4;1,5
Cuatro y más perceptores;Perceptora de ingresos;2006T3;1,9
Cuatro y más perceptores;Perceptora de ingresos;2006T2;3,9
Cuatro y más perceptores;Perceptora de ingresos;2006T1;0,3
Cuatro y más perceptores;Perceptora de ingresos;2005T4;2,8
Cuatro y más perceptores;Perceptora de ingresos;2005T3;1,9
Cuatro y más perceptores;Perceptora de ingresos;2005T2;3,8
Cuatro y más perceptores;Perceptora de ingresos;2005T1;3,4
Cuatro y más perceptores;Perceptora de ingresos;2004T4;2,9
Cuatro y más perceptores;Perceptora de ingresos;2004T3;1,6
Cuatro y más perceptores;Perceptora de ingresos;2004T2;2,8
Cuatro y más perceptores;Perceptora de ingresos;2004T1;2,7
Cuatro y más perceptores;Perceptora de ingresos;2003T4;2,1
Cuatro y más perceptores;Perceptora de ingresos;2003T3;2,4
Cuatro y más perceptores;Perceptora de ingresos;2003T2;2,2
Cuatro y más perceptores;Perceptora de ingresos;2003T1;1,6
Cuatro y más perceptores;Perceptora de ingresos;2002T4;3,7
Cuatro y más perceptores;Perceptora de ingresos;2002T3;3,1
Cuatro y más perceptores;Perceptora de ingresos;2002T2;3,6
Cuatro y más perceptores;Perceptora de ingresos;2002T1;3,4
Cuatro y más perceptores;No perceptora de ingresos;2025T4;6,1
Cuatro y más perceptores;No perceptora de ingresos;2025T3;5,2
Cuatro y más perceptores;No perceptora de ingresos;2025T2;6,8
Cuatro y más perceptores;No perceptora de ingresos;2025T1;5,7
Cuatro y más perceptores;No perceptora de ingresos;2024T4;..
Cuatro y más perceptores;No perceptora de ingresos;2024T3;0,3
Cuatro y más perceptores;No perceptora de ingresos;2024T2;5,4
Cuatro y más perceptores;No perceptora de ingresos;2024T1;0,3
Cuatro y más perceptores;No perceptora de ingresos;2023T4;7,6
Cuatro y más perceptores;No perceptora de ingresos;2023T3;3
Cuatro y más perceptores;No perceptora de ingresos;2023T2;4
Cuatro y más perceptores;No perceptora de ingresos;2023T1;3
Cuatro y más perceptores;No perceptora de ingresos;2022T4;3
Cuatro y más perceptores;No perceptora de ingresos;2022T3;5,7
Cuatro y más perceptores;No perceptora de ingresos;2022T2;6,8
Cuatro y más perceptores;No perceptora de ingresos;2022T1;2,2
Cuatro y más perceptores;No perceptora de ingresos;2021T4;1,4
Cuatro y más perceptores;No perceptora de ingresos;2021T3;9,9
Cuatro y más perceptores;No perceptora de ingresos;2021T2;2,2
Cuatro y más perceptores;No perceptora de ingresos;2021T1;2,7
Cuatro y más perceptores;No perceptora de ingresos;2020T4;0,9
Cuatro y más perceptores;No perceptora de ingresos;2020T3;1,2
Cuatro y más perceptores;No perceptora de ingresos;2020T2;2,8
Cuatro y más perceptores;No perceptora de ingresos;2020T1;2,1
Cuatro y más perceptores;No perceptora de ingresos;2019T4;1,2
Cuatro y más perceptores;No perceptora de ingresos;2019T3;2,4
Cuatro y más perceptores;No perceptora de ingresos;2019T2;1,7
Cuatro y más perceptores;No perceptora de ingresos;2019T1;1,2
Cuatro y más perceptores;No perceptora de ingresos;2018T4;4,6
Cuatro y más perceptores;No perceptora de ingresos;2018T3;3,9
Cuatro y más perceptores;No perceptora de ingresos;2018T2;2,1
Cuatro y más perceptores;No perceptora de ingresos;2018T1;1,8
Cuatro y más perceptores;No perceptora de ingresos;2017T4;2,9
Cuatro y más perceptores;No perceptora de ingresos;2017T3;0,6
Cuatro y más perceptores;No perceptora de ingresos;2017T2;2,6
Cuatro y más perceptores;No perceptora de ingresos;2017T1;2,8
Cuatro y más perceptores;No perceptora de ingresos;2016T4;3,5
Cuatro y más perceptores;No perceptora de ingresos;2016T3;5,8
Cuatro y más perceptores;No perceptora de ingresos;2016T2;4,2
Cuatro y más perceptores;No perceptora de ingresos;2016T1;2,8
Cuatro y más perceptores;No perceptora de ingresos;2015T4;3,4
Cuatro y más perceptores;No perceptora de ingresos;2015T3;1,7
Cuatro y más perceptores;No perceptora de ingresos;2015T2;2,4
Cuatro y más perceptores;No perceptora de ingresos;2015T1;2,1
Cuatro y más perceptores;No perceptora de ingresos;2014T4;2,2
Cuatro y más perceptores;No perceptora de ingresos;2014T3;1,9
Cuatro y más perceptores;No perceptora de ingresos;2014T2;1,8
Cuatro y más perceptores;No perceptora de ingresos;2014T1;2,7
Cuatro y más perceptores;No perceptora de ingresos;2013T4;2,5
Cuatro y más perceptores;No perceptora de ingresos;2013T3;2,6
Cuatro y más perceptores;No perceptora de ingresos;2013T2;5,1
Cuatro y más perceptores;No perceptora de ingresos;2013T1;2,2
Cuatro y más perceptores;No perceptora de ingresos;2012T4;4,1
Cuatro y más perceptores;No perceptora de ingresos;2012T3;3,4
Cuatro y más perceptores;No perceptora de ingresos;2012T2;4,4
Cuatro y más perceptores;No perceptora de ingresos;2012T1;7,8
Cuatro y más perceptores;No perceptora de ingresos;2011T4;5
Cuatro y más perceptores;No perceptora de ingresos;2011T3;4,3
Cuatro y más perceptores;No perceptora de ingresos;2011T2;3,6
Cuatro y más perceptores;No perceptora de ingresos;2011T1;3,2
Cuatro y más perceptores;No perceptora de ingresos;2010T4;6,6
Cuatro y más perceptores;No perceptora de ingresos;2010T3;6,8
Cuatro y más perceptores;No perceptora de ingresos;2010T2;5,2
Cuatro y más perceptores;No perceptora de ingresos;2010T1;3,8
Cuatro y más perceptores;No perceptora de ingresos;2009T4;1,6
Cuatro y más perceptores;No perceptora de ingresos;2009T3;4,5
Cuatro y más perceptores;No perceptora de ingresos;2009T2;4,6
Cuatro y más perceptores;No perceptora de ingresos;2009T1;3,9
Cuatro y más perceptores;No perceptora de ingresos;2008T4;2,5
Cuatro y más perceptores;No perceptora de ingresos;2008T3;2,4
Cuatro y más perceptores;No perceptora de ingresos;2008T2;6,3
Cuatro y más perceptores;No perceptora de ingresos;2008T1;6,8
Cuatro y más perceptores;No perceptora de ingresos;2007T4;4,6
Cuatro y más perceptores;No perceptora de ingresos;2007T3;2,8
Cuatro y más perceptores;No perceptora de ingresos;2007T2;3,9
Cuatro y más perceptores;No perceptora de ingresos;2007T1;6,7
Cuatro y más perceptores;No perceptora de ingresos;2006T4;2,8
Cuatro y más perceptores;No perceptora de ingresos;2006T3;2,9
Cuatro y más perceptores;No perceptora de ingresos;2006T2;3,9
Cuatro y más perceptores;No perceptora de ingresos;2006T1;2,5
Cuatro y más perceptores;No perceptora de ingresos;2005T4;2
Cuatro y más perceptores;No perceptora de ingresos;2005T3;2,5
Cuatro y más perceptores;No perceptora de ingresos;2005T2;1,2
Cuatro y más perceptores;No perceptora de ingresos;2005T1;4,5
Cuatro y más perceptores;No perceptora de ingresos;2004T4;4,7
Cuatro y más perceptores;No perceptora de ingresos;2004T3;2,1
Cuatro y más perceptores;No perceptora de ingresos;2004T2;2,3
Cuatro y más perceptores;No perceptora de ingresos;2004T1;2,8
Cuatro y más perceptores;No perceptora de ingresos;2003T4;2,2
Cuatro y más perceptores;No perceptora de ingresos;2003T3;1,5
Cuatro y más perceptores;No perceptora de ingresos;2003T2;2,8
Cuatro y más perceptores;No perceptora de ingresos;2003T1;2,5
Cuatro y más perceptores;No perceptora de ingresos;2002T4;3,7
Cuatro y más perceptores;No perceptora de ingresos;2002T3;2,4
Cuatro y más perceptores;No perceptora de ingresos;2002T2;2,9
Cuatro y más perceptores;No perceptora de ingresos;2002T1;1,4
